Date,ANTM.JK,MDKA.JK,INCO.JK,AMMN.JK,MBMA.JK,NCKL.JK,BBCA.JK,BMRI.JK
2019-01-02,3135.82,4350.09,6827.12,4158.78,1060.73,1292.22,9089.78,5798.16
2019-01-03,3129.95,4345.89,6816.01,4169.2,1059.44,1291.82,9105.61,5810.83
2019-01-04,3136.96,4355.08,6826.32,4166.67,1063.65,1295.65,9112.53,5821.04
2019-01-07,3150.41,4359.46,6854.06,4182.14,1065.4,1299.23,9122.72,5823.14
2019-01-08,3146.36,4368.5,6854.1,4186.25,1066.41,1297.65,9123.96,5832.53
2019-01-09,3152.46,4362.1,6845.29,4182.97,1064.51,1298.9,9143.56,5847.42
2019-01-10,3148.04,4367.31,6853.47,4188.5,1068.15,1300.95,9136.88,5833.97
2019-01-11,3154.99,4374.96,6870.95,4189.17,1067.63,1303.4,9152.78,5855.72
2019-01-14,3149.7,4382.84,6855.22,4195.25,1066.23,1303.81,9163.02,5860.74
2019-01-15,3157.85,4382.71,6868.76,4205.0,1069.36,1301.54,9174.04,5847.45
2019-01-16,3150.23,4367.65,6866.73,4191.89,1070.12,1304.62,9146.63,5841.1
2019-01-17,3154.08,4368.84,6868.16,4201.65,1067.16,1301.78,9170.41,5848.38
2019-01-18,3151.21,4380.48,6874.22,4202.26,1068.79,1301.5,9161.28,5856.19
2019-01-21,3151.69,4364.8,6853.25,4189.99,1068.06,1300.92,9146.84,5850.18
2019-01-22,3143.57,4369.43,6850.92,4190.42,1067.81,1298.71,9156.85,5830.13
2019-01-23,3147.45,4365.47,6844.49,4188.12,1065.69,1299.02,9143.38,5825.17
2019-01-24,3143.21,4366.96,6837.74,4190.59,1063.91,1299.4,9118.11,5831.81
2019-01-25,3141.65,4351.91,6848.16,4181.37,1065.22,1297.79,9125.71,5829.63
2019-01-28,3132.78,4355.8,6815.66,4178.16,1063.48,1294.56,9112.41,5819.43
2019-01-29,3133.89,4341.62,6816.09,4165.88,1060.21,1295.81,9088.91,5807.86
2019-01-30,3128.81,4346.79,6814.3,4165.55,1059.07,1291.17,9071.74,5798.78
2019-01-31,3124.02,4343.43,6808.74,4154.43,1058.97,1289.18,9080.6,5798.65
2019-02-01,3128.47,4329.19,6811.8,4152.81,1060.17,1290.61,9053.31,5801.64
2019-02-04,3112.4,4318.69,6773.52,4150.77,1053.42,1287.49,9040.33,5782.29
2019-02-05,3109.7,4309.77,6787.93,4143.88,1052.77,1287.5,9050.45,5765.46
2019-02-06,3103.44,4314.96,6760.74,4141.34,1053.06,1284.95,9029.83,5773.68
2019-02-07,3110.61,4310.95,6766.88,4130.95,1050.7,1280.65,9032.06,5755.52
2019-02-08,3103.01,4302.29,6761.77,4130.77,1052.84,1281.29,9006.41,5760.75
2019-02-11,3099.62,4302.57,6737.47,4126.83,1050.86,1281.06,8976.72,5740.9
2019-02-12,3097.84,4297.99,6725.47,4115.87,1049.06,1279.03,8985.13,5733.04
2019-02-13,3091.33,4281.99,6728.67,4113.81,1048.81,1277.36,8975.11,5730.23
2019-02-14,3088.44,4290.08,6728.35,4107.28,1048.21,1276.56,8989.93,5733.65
2019-02-15,3090.72,4283.76,6729.39,4117.53,1048.36,1276.36,8966.11,5719.89
2019-02-18,3090.18,4278.66,6716.26,4099.01,1043.29,1273.64,8976.33,5729.49
2019-02-19,3087.97,4282.62,6712.04,4100.08,1045.48,1271.73,8960.73,5723.22
2019-02-20,3085.59,4272.77,6705.81,4104.69,1043.45,1274.56,8949.79,5725.07
2019-02-21,3088.12,4281.05,6718.23,4100.07,1044.28,1276.26,8948.17,5717.25
2019-02-22,3085.16,4280.32,6725.72,4101.98,1046.95,1271.46,8967.61,5724.23
2019-02-25,3092.54,4276.78,6728.02,4115.83,1046.49,1272.88,8979.04,5737.73
2019-02-26,3084.05,4290.2,6714.43,4103.29,1047.47,1276.53,8984.18,5732.41
2019-02-27,3090.61,4282.86,6731.21,4120.44,1047.39,1277.99,8961.43,5737.72
2019-02-28,3095.19,4281.96,6741.91,4109.43,1046.21,1274.58,8983.54,5727.52
2019-03-01,3100.32,4283.66,6746.2,4121.85,1048.4,1278.06,8994.52,5742.78
2019-03-04,3097.69,4308.1,6750.75,4129.25,1050.78,1282.96,9003.18,5762.13
2019-03-05,3099.99,4304.19,6765.88,4133.73,1053.15,1280.64,9025.98,5766.4
2019-03-06,3103.96,4305.44,6770.52,4144.01,1053.32,1283.1,9024.61,5772.68
2019-03-07,3112.06,4316.98,6778.19,4147.81,1055.25,1286.6,9025.81,5774.17
2019-03-08,3119.36,4325.04,6795.62,4152.28,1053.64,1286.38,9039.44,5771.69
2019-03-11,3126.86,4345.56,6815.7,4154.11,1058.03,1290.42,9091.8,5798.86
2019-03-12,3126.66,4343.7,6810.43,4158.48,1060.85,1295.27,9099.6,5812.72
2019-03-13,3130.69,4349.6,6829.9,4175.84,1061.63,1292.16,9117.0,5809.52
2019-03-14,3142.11,4353.7,6842.79,4174.42,1061.55,1295.8,9112.95,5829.35
2019-03-15,3142.15,4362.98,6841.03,4186.51,1063.31,1299.84,9141.83,5819.44
2019-03-18,3160.31,4382.28,6876.86,4192.84,1069.9,1304.46,9166.74,5864.29
2019-03-19,3165.5,4385.47,6892.04,4198.91,1069.46,1304.91,9174.9,5871.63
2019-03-20,3165.66,4390.83,6892.58,4217.48,1071.25,1307.64,9189.35,5866.42
2019-03-21,3165.9,4388.22,6884.64,4212.64,1072.16,1305.89,9196.6,5872.51
2019-03-22,3176.99,4404.28,6910.58,4226.14,1073.34,1307.64,9212.12,5876.73
2019-03-25,3188.25,4412.78,6939.5,4230.24,1076.15,1314.61,9245.7,5896.93
2019-03-26,3190.69,4426.6,6941.01,4246.58,1080.96,1313.46,9256.24,5914.07
2019-03-27,3191.24,4419.81,6943.58,4244.04,1081.4,1314.19,9252.05,5909.64
2019-03-28,3194.73,4419.79,6936.55,4239.89,1079.25,1317.29,9277.68,5915.67
2019-03-29,3188.69,4432.8,6949.36,4250.77,1082.75,1318.44,9280.23,5926.42
2019-04-01,3204.09,4442.84,6977.98,4261.76,1082.86,1321.2,9299.33,5941.52
2019-04-02,3204.09,4446.33,6979.2,4260.39,1084.88,1319.47,9293.11,5943.0
2019-04-03,3207.61,4448.15,6971.51,4256.91,1086.33,1323.12,9286.43,5929.46
2019-04-04,3208.14,4444.82,6964.72,4270.75,1085.41,1324.04,9311.39,5936.28
2019-04-05,3204.43,4438.83,6979.82,4262.51,1086.5,1321.04,9291.78,5940.59
2019-04-08,3198.42,4443.49,6990.26,4270.22,1084.09,1324.89,9293.79,5938.03
2019-04-09,3205.92,4441.01,6968.85,4256.84,1083.94,1321.46,9317.39,5932.77
2019-04-10,3204.06,4438.71,6981.45,4254.61,1084.54,1323.98,9283.61,5940.06
2019-04-11,3200.51,4442.13,6977.02,4254.68,1086.31,1321.21,9307.85,5931.98
2019-04-12,3196.48,4435.55,6959.81,4255.92,1082.87,1319.8,9307.39,5938.95
2019-04-15,3196.68,4434.31,6968.99,4246.21,1080.85,1320.79,9263.06,5929.54
2019-04-16,3196.27,4437.39,6942.76,4249.42,1081.3,1319.52,9258.18,5931.53
2019-04-17,3198.2,4429.19,6955.97,4253.66,1082.79,1319.84,9268.19,5912.15
2019-04-18,3193.84,4431.01,6951.8,4241.95,1082.54,1317.87,9255.08,5923.86
2019-04-19,3184.28,4417.18,6951.89,4234.35,1081.26,1315.68,9257.2,5917.06
2019-04-22,3184.54,4405.52,6912.21,4231.04,1075.78,1312.46,9216.9,5888.11
2019-04-23,3177.5,4398.63,6910.63,4225.17,1074.27,1313.22,9237.03,5881.44
2019-04-24,3177.54,4396.71,6916.76,4215.87,1076.01,1312.66,9205.41,5879.07
2019-04-25,3168.81,4404.38,6911.7,4213.53,1075.66,1310.45,9221.97,5892.17
2019-04-26,3163.6,4398.01,6884.86,4210.18,1073.13,1306.64,9186.79,5872.55
2019-04-29,3158.65,4389.24,6880.99,4204.64,1070.96,1302.83,9182.65,5865.76
2019-04-30,3160.29,4377.36,6873.91,4193.02,1068.93,1304.02,9179.91,5863.71
2019-05-01,3151.73,4378.93,6876.6,4204.1,1068.96,1301.31,9169.43,5838.53
2019-05-02,3152.02,4370.27,6871.78,4195.1,1066.08,1299.42,9131.89,5850.74
2019-05-03,3152.29,4365.48,6848.74,4190.85,1065.24,1300.28,9135.97,5836.31
2019-05-06,3144.92,4354.7,6838.1,4182.67,1066.27,1295.78,9116.57,5823.7
2019-05-07,3138.57,4356.47,6847.62,4174.11,1064.76,1296.52,9121.22,5825.85
2019-05-08,3140.67,4349.12,6838.9,4175.8,1064.53,1296.75,9111.04,5834.26
2019-05-09,3134.17,4344.55,6822.89,4178.89,1061.21,1296.96,9095.93,5816.09
2019-05-10,3138.66,4343.28,6829.07,4182.66,1063.54,1294.77,9122.54,5820.49
2019-05-13,3139.52,4346.78,6824.46,4175.76,1063.18,1295.71,9090.95,5814.34
2019-05-14,3133.45,4344.9,6817.38,4176.6,1060.59,1293.99,9086.33,5820.93
2019-05-15,3137.57,4342.7,6840.57,4181.09,1063.25,1296.44,9111.88,5805.81
2019-05-16,3133.79,4346.24,6816.78,4175.98,1062.78,1294.41,9115.19,5811.77
2019-05-17,3134.74,4345.34,6824.42,4180.63,1062.65,1296.68,9122.0,5823.31
2019-05-20,3139.95,4365.84,6829.4,4179.01,1065.73,1298.14,9115.71,5834.82
2019-05-21,3146.8,4364.32,6838.63,4185.99,1065.42,1299.74,9127.05,5840.74
2019-05-22,3148.51,4358.51,6851.8,4180.91,1066.0,1298.01,9150.84,5831.29
2019-05-23,3151.8,4372.64,6851.55,4190.61,1065.21,1299.27,9137.76,5844.28
2019-05-24,3150.96,4364.72,6864.77,4192.95,1067.33,1300.72,9160.87,5847.89
2019-05-27,3162.1,4383.38,6878.2,4203.76,1071.11,1304.5,9158.98,5855.05
2019-05-28,3158.01,4380.39,6884.57,4207.54,1071.34,1304.71,9174.88,5866.65
2019-05-29,3164.56,4389.04,6896.01,4218.71,1070.9,1305.24,9193.1,5883.63
2019-05-30,3172.55,4396.04,6917.17,4222.31,1075.38,1311.03,9189.27,5874.51
2019-05-31,3178.39,4401.86,6923.65,4217.44,1077.17,1311.5,9213.93,5896.3
2019-06-03,3187.4,4419.92,6930.82,4245.4,1077.97,1314.88,9237.63,5900.16
2019-06-04,3188.61,4418.57,6947.59,4243.73,1078.84,1317.44,9256.88,5912.85
2019-06-05,3195.83,4429.34,6945.53,4258.95,1084.27,1318.01,9282.48,5928.76
2019-06-06,3196.4,4438.7,6960.35,4253.71,1083.51,1318.76,9279.2,5945.71
2019-06-07,3207.04,4440.93,6989.19,4260.15,1086.6,1321.9,9315.22,5941.22
2019-06-10,3220.49,4454.49,6999.47,4276.63,1090.43,1329.72,9323.31,5962.87
2019-06-11,3215.71,4458.66,7000.79,4277.33,1089.73,1329.1,9362.27,5975.64
2019-06-12,3226.76,4468.43,7014.16,4287.92,1090.72,1328.55,9350.55,5988.98
2019-06-13,3221.59,4476.44,7019.63,4298.53,1091.13,1332.55,9377.26,5984.98
2019-06-14,3226.2,4487.87,7021.43,4305.85,1095.58,1335.9,9392.38,5989.28
2019-06-17,3241.47,4493.55,7056.93,4309.18,1098.88,1336.78,9408.38,5999.57
2019-06-18,3237.11,4504.4,7056.59,4312.66,1100.33,1340.01,9401.55,6015.46
2019-06-19,3244.82,4502.97,7059.65,4314.28,1100.99,1340.37,9422.88,6023.41
2019-06-20,3250.36,4498.7,7078.22,4320.63,1098.4,1339.85,9445.12,6031.03
2019-06-21,3254.19,4506.94,7078.52,4321.8,1101.52,1341.78,9427.99,6037.69
2019-06-24,3253.48,4504.97,7092.64,4322.54,1101.06,1343.13,9435.16,6033.49
2019-06-25,3253.6,4514.62,7090.19,4333.45,1100.39,1342.39,9434.31,6032.45
2019-06-26,3254.43,4521.0,7074.3,4336.32,1101.04,1345.22,9462.43,6048.61
2019-06-27,3256.23,4507.76,7082.41,4330.58,1103.33,1346.52,9464.41,6028.0
2019-06-28,3250.75,4518.1,7080.37,4333.11,1102.66,1344.38,9445.61,6047.6
2019-07-01,3251.39,4511.15,7076.08,4326.38,1100.6,1344.28,9429.68,6029.63
2019-07-02,3256.79,4518.23,7078.74,4332.42,1103.11,1343.93,9448.46,6039.57
2019-07-03,3249.51,4507.58,7073.83,4322.48,1101.45,1342.86,9429.42,6021.92
2019-07-04,3244.4,4503.54,7067.96,4326.98,1102.21,1342.23,9441.52,6026.96
2019-07-05,3243.35,4510.41,7080.79,4316.95,1099.54,1342.3,9438.89,6017.94
2019-07-08,3241.05,4495.62,7061.4,4319.83,1096.76,1338.18,9428.77,6006.8
2019-07-09,3236.04,4499.18,7058.3,4310.96,1097.26,1335.59,9411.68,6004.36
2019-07-10,3236.79,4498.13,7049.32,4306.25,1095.96,1335.68,9403.49,6010.05
2019-07-11,3230.09,4478.55,7040.82,4298.94,1096.09,1333.95,9391.7,5999.57
2019-07-12,3237.98,4480.16,7031.24,4298.11,1095.42,1333.22,9374.25,5999.9
2019-07-15,3223.81,4463.86,7028.14,4283.1,1090.96,1331.21,9356.82,5985.08
2019-07-16,3216.13,4469.79,7003.69,4279.0,1091.65,1331.16,9335.69,5962.75
2019-07-17,3213.83,4464.32,6993.28,4288.83,1087.79,1329.77,9352.21,5965.35
2019-07-18,3218.51,4453.39,7006.97,4278.74,1090.29,1328.83,9343.06,5970.95
2019-07-19,3208.68,4446.91,6984.39,4277.75,1087.92,1326.1,9323.39,5946.31
2019-07-22,3208.83,4444.81,6977.76,4262.69,1086.69,1322.61,9302.02,5948.92
2019-07-23,3196.68,4445.76,6973.37,4256.69,1082.75,1321.8,9285.91,5925.96
2019-07-24,3202.71,4441.15,6975.66,4260.64,1083.03,1322.87,9277.15,5927.47
2019-07-25,3196.09,4436.89,6949.26,4246.09,1084.49,1317.35,9288.84,5928.25
2019-07-26,3200.16,4437.2,6954.71,4251.47,1082.82,1317.78,9256.94,5936.5
2019-07-29,3190.15,4429.46,6946.15,4237.24,1078.68,1315.64,9276.91,5923.48
2019-07-30,3185.87,4421.76,6955.22,4242.78,1079.19,1316.67,9244.84,5915.65
2019-07-31,3182.21,4421.75,6930.06,4233.85,1080.71,1316.16,9241.84,5910.0
2019-08-01,3191.65,4418.08,6932.97,4240.24,1081.08,1316.45,9251.19,5914.02
2019-08-02,3184.61,4427.37,6932.06,4235.37,1079.22,1317.23,9260.74,5914.02
2019-08-05,3180.64,4425.57,6950.14,4234.34,1078.13,1314.4,9238.72,5902.87
2019-08-06,3187.51,4424.7,6939.54,4242.08,1080.42,1317.79,9271.01,5917.02
2019-08-07,3188.4,4415.04,6937.01,4237.6,1081.88,1317.68,9243.36,5910.31
2019-08-08,3188.69,4426.57,6958.02,4241.54,1081.2,1316.57,9274.84,5916.32
2019-08-09,3194.45,4427.86,6954.39,4250.49,1080.41,1317.36,9268.96,5923.99
2019-08-12,3198.32,4432.37,6961.28,4254.46,1082.41,1319.21,9266.44,5920.27
2019-08-13,3195.4,4431.15,6963.58,4265.37,1083.34,1323.27,9296.15,5944.78
2019-08-14,3204.28,4449.9,6981.19,4254.31,1082.59,1324.64,9291.56,5943.48
2019-08-15,3210.96,4454.49,6980.05,4262.35,1086.06,1324.5,9291.2,5952.37
2019-08-16,3202.33,4448.56,6995.5,4275.75,1088.27,1326.66,9313.34,5949.5
2019-08-19,3218.72,4465.33,7001.44,4281.2,1090.21,1326.66,9348.02,5960.68
2019-08-20,3223.51,4462.72,7008.83,4287.68,1092.68,1333.2,9366.01,5985.05
2019-08-21,3225.89,4476.03,7027.11,4301.31,1094.37,1329.82,9374.64,5990.03
2019-08-22,3235.54,4488.69,7031.78,4297.5,1093.16,1332.39,9393.06,5997.98
2019-08-23,3238.88,4483.92,7050.6,4296.36,1095.64,1334.69,9384.12,6011.25
2019-08-26,3241.14,4512.15,7075.28,4329.14,1099.5,1342.87,9429.51,6024.97
2019-08-27,3253.07,4506.03,7082.7,4321.23,1099.35,1343.68,9422.77,6040.68
2019-08-28,3252.26,4522.98,7083.73,4335.68,1102.04,1345.27,9440.39,6032.46
2019-08-29,3256.88,4529.91,7108.73,4335.73,1106.04,1348.2,9450.97,6049.08
2019-08-30,3260.25,4524.56,7101.42,4338.42,1105.85,1346.19,9469.54,6045.59
2019-09-02,3272.46,4547.94,7126.05,4366.06,1107.76,1349.98,9500.03,6075.57
2019-09-03,3276.57,4546.46,7146.28,4365.76,1109.51,1355.82,9514.43,6083.49
2019-09-04,3280.6,4557.33,7149.12,4367.59,1110.38,1353.12,9520.74,6096.25
2019-09-05,3290.84,4555.77,7142.51,4366.95,1114.68,1354.72,9535.71,6084.36
2019-09-06,3288.55,4558.93,7173.72,4383.93,1113.89,1359.59,9553.8,6098.96
2019-09-09,3299.76,4564.41,7168.69,4391.7,1116.6,1362.03,9573.97,6122.14
2019-09-10,3295.44,4569.82,7176.58,4395.24,1117.26,1363.32,9586.16,6114.61
2019-09-11,3303.34,4582.91,7186.61,4392.08,1117.75,1362.51,9571.37,6123.4
2019-09-12,3306.43,4575.98,7187.62,4391.71,1117.57,1365.59,9594.68,6115.18
2019-09-13,3303.55,4579.47,7189.14,4389.15,1119.31,1363.24,9596.75,6118.44
2019-09-16,3305.96,4584.41,7201.74,4391.55,1120.89,1365.08,9588.37,6123.95
2019-09-17,3309.88,4577.35,7200.85,4395.91,1119.11,1367.44,9585.01,6124.81
2019-09-18,3299.9,4583.38,7187.02,4391.54,1120.53,1367.32,9586.02,6134.35
2019-09-19,3311.42,4579.73,7188.51,4398.76,1117.78,1365.33,9609.13,6140.23
2019-09-20,3300.33,4585.49,7196.73,4397.13,1118.15,1365.23,9582.98,6134.65
2019-09-23,3296.85,4571.54,7199.31,4391.03,1118.02,1363.45,9585.54,6113.49
2019-09-24,3304.38,4586.24,7181.1,4388.17,1116.95,1363.58,9582.86,6123.11
2019-09-25,3300.07,4571.46,7183.17,4389.92,1117.83,1362.76,9594.16,6110.07
2019-09-26,3296.88,4574.51,7169.26,4384.67,1115.57,1361.47,9578.51,6109.54
2019-09-27,3294.17,4564.93,7171.35,4392.08,1117.55,1359.66,9559.33,6103.69
2019-09-30,3292.07,4567.17,7145.64,4373.4,1113.03,1356.01,9549.79,6104.98
2019-10-01,3283.0,4564.4,7154.98,4366.43,1113.31,1354.36,9532.91,6094.3
2019-10-02,3277.95,4545.49,7142.72,4372.88,1110.35,1354.95,9531.94,6080.09
2019-10-03,3277.44,4554.6,7147.61,4364.15,1111.16,1351.38,9510.18,6078.7
2019-10-04,3270.6,4543.4,7136.48,4362.04,1110.1,1352.77,9523.39,6070.68
2019-10-07,3264.73,4527.47,7108.64,4353.63,1106.47,1351.16,9485.03,6057.62
2019-10-08,3265.77,4519.93,7107.25,4341.21,1105.59,1347.38,9482.97,6058.25
2019-10-09,3255.27,4524.36,7099.29,4337.73,1103.37,1348.25,9457.2,6043.94
2019-10-10,3256.52,4527.19,7094.93,4330.44,1102.54,1344.53,9472.23,6032.89
2019-10-11,3252.77,4520.17,7078.42,4333.95,1104.25,1344.19,9459.86,6040.7
2019-10-14,3253.34,4514.2,7076.06,4326.43,1101.19,1343.04,9428.08,6029.06
2019-10-15,3245.4,4509.3,7077.52,4317.12,1099.79,1342.97,9433.64,6015.3
2019-10-16,3244.26,4493.21,7058.4,4322.3,1097.59,1340.26,9428.84,6028.47
2019-10-17,3241.82,4490.37,7058.67,4317.42,1099.44,1340.76,9398.75,6013.23
2019-10-18,3244.03,4491.93,7065.81,4320.82,1097.1,1338.85,9393.57,6015.79
2019-10-21,3243.53,4496.07,7045.6,4315.55,1094.63,1337.27,9384.6,6003.76
2019-10-22,3234.48,4484.03,7059.21,4312.89,1096.66,1334.98,9399.06,5998.41
2019-10-23,3237.6,4493.01,7060.32,4303.12,1095.42,1334.96,9413.71,6011.09
2019-10-24,3235.09,4488.76,7056.85,4308.59,1096.75,1336.08,9400.93,5992.52
2019-10-25,3233.12,4496.09,7060.06,4308.52,1097.12,1336.3,9393.14,6006.32
2019-10-28,3242.93,4500.43,7046.98,4309.8,1096.98,1338.84,9418.21,6019.5
2019-10-29,3242.85,4497.01,7045.99,4305.02,1095.66,1338.73,9411.37,6000.44
2019-10-30,3247.07,4500.68,7064.98,4310.22,1097.38,1339.04,9407.19,6014.94
2019-10-31,3246.06,4501.69,7059.16,4324.97,1097.8,1339.82,9414.29,6006.72
2019-11-01,3244.42,4505.51,7078.42,4317.9,1098.1,1341.07,9408.34,6021.63
2019-11-04,3249.2,4516.96,7092.24,4334.45,1101.49,1345.05,9447.48,6029.43
2019-11-05,3259.54,4512.86,7103.93,4339.11,1101.11,1345.78,9453.99,6030.84
2019-11-06,3259.84,4523.83,7085.94,4332.48,1105.37,1344.91,9478.16,6044.67
2019-11-07,3265.54,4524.67,7093.12,4345.47,1104.52,1347.83,9482.09,6054.56
2019-11-08,3263.26,4526.01,7122.74,4353.95,1105.92,1349.61,9501.81,6051.93
2019-11-11,3278.67,4552.66,7143.02,4363.86,1111.71,1353.09,9508.57,6076.96
2019-11-12,3280.35,4552.33,7137.42,4373.65,1112.47,1356.45,9535.92,6094.95
2019-11-13,3286.08,4554.92,7149.02,4367.11,1115.21,1358.02,9547.0,6098.81
2019-11-14,3290.05,4565.17,7153.26,4382.12,1114.35,1356.7,9570.14,6104.44
2019-11-15,3289.08,4566.18,7169.93,4384.53,1113.98,1360.07,9572.16,6115.61
2019-11-18,3305.63,4591.8,7192.51,4393.72,1118.31,1364.04,9614.36,6130.84
2019-11-19,3316.75,4597.63,7219.11,4414.45,1122.34,1368.31,9625.86,6146.45
2019-11-20,3314.83,4602.38,7208.47,4416.79,1121.23,1371.35,9632.54,6160.29
2019-11-21,3321.38,4603.0,7228.34,4416.46,1122.69,1372.41,9625.8,6150.96
2019-11-22,3321.34,4613.3,7234.14,4419.19,1126.05,1371.31,9637.31,6171.33
2019-11-25,3333.44,4627.87,7246.83,4444.37,1127.93,1376.88,9667.69,6180.06
2019-11-26,3340.66,4629.32,7279.5,4434.25,1131.91,1380.03,9682.29,6199.57
2019-11-27,3337.38,4636.68,7268.35,4444.99,1131.89,1380.97,9690.9,6185.84
2019-11-28,3340.2,4641.1,7274.61,4447.5,1132.93,1379.83,9719.05,6198.38
2019-11-29,3345.25,4646.89,7272.41,4449.69,1133.86,1382.17,9710.47,6203.84
2019-12-02,3356.64,4655.82,7291.35,4458.73,1133.15,1381.87,9724.94,6213.6
2019-12-03,3355.61,4644.89,7299.82,4467.44,1134.14,1383.06,9729.57,6221.3
2019-12-04,3359.84,4647.76,7302.63,4465.17,1137.51,1387.17,9752.87,6214.11
2019-12-05,3353.29,4646.38,7293.4,4463.09,1136.22,1386.01,9757.27,6214.83
2019-12-06,3361.84,4658.75,7297.68,4468.8,1135.14,1383.54,9749.08,6216.66
2019-12-09,3358.57,4654.59,7313.07,4463.32,1137.37,1383.86,9757.81,6232.65
2019-12-10,3354.47,4657.88,7296.81,4467.96,1135.67,1388.13,9730.0,6214.32
2019-12-11,3360.37,4657.62,7309.62,4458.22,1136.3,1386.69,9726.41,6230.77
2019-12-12,3355.77,4646.75,7305.02,4462.46,1137.5,1385.47,9751.35,6228.29
2019-12-13,3353.48,4646.45,7315.23,4459.31,1136.41,1386.39,9724.67,6209.86
2019-12-16,3352.31,4649.01,7282.47,4452.73,1134.75,1383.04,9734.76,6210.93
2019-12-17,3342.88,4646.8,7284.97,4449.48,1132.07,1380.6,9702.82,6199.72
2019-12-18,3344.78,4632.55,7273.84,4453.7,1131.49,1382.29,9692.75,6199.19
2019-12-19,3337.86,4636.67,7277.04,4451.41,1131.77,1381.81,9687.34,6201.52
2019-12-20,3334.27,4629.79,7283.01,4439.65,1129.36,1381.46,9678.47,6197.04
2019-12-23,3327.24,4623.11,7263.04,4426.91,1130.21,1376.54,9658.72,6172.43
2019-12-24,3327.36,4622.17,7257.88,4424.15,1129.02,1375.03,9647.28,6175.04
2019-12-25,3323.09,4614.4,7249.08,4419.13,1124.71,1370.97,9656.88,6174.25
2019-12-26,3319.99,4612.94,7245.22,4421.31,1123.78,1369.52,9632.82,6169.05
2019-12-27,3323.81,4596.55,7232.47,4424.45,1123.63,1373.15,9648.65,6150.75
2019-12-30,3307.32,4598.82,7204.25,4398.31,1119.51,1368.12,9619.69,6134.25
2019-12-31,3313.5,4586.56,7197.09,4398.08,1121.24,1367.41,9618.01,6126.75
2020-01-01,3307.41,4582.39,7186.86,4401.35,1118.31,1362.84,9614.37,6121.38
2020-01-02,3303.03,4580.01,7183.73,4403.43,1117.01,1361.66,9583.56,6128.96
2020-01-03,3301.56,4582.12,7189.28,4391.68,1120.04,1360.91,9581.84,6118.4
2020-01-06,3300.49,4569.77,7173.63,4388.62,1117.95,1361.2,9548.22,6102.94
2020-01-07,3288.25,4559.79,7157.4,4389.09,1114.94,1360.9,9551.32,6101.06
2020-01-08,3297.38,4558.34,7176.59,4372.4,1114.73,1358.73,9557.97,6107.46
2020-01-09,3285.49,4570.05,7155.97,4373.94,1112.51,1357.08,9555.04,6102.02
2020-01-10,3294.74,4567.84,7157.86,4373.5,1114.07,1356.94,9543.95,6104.26
2020-01-13,3284.18,4567.9,7168.84,4377.45,1114.46,1360.0,9543.87,6096.06
2020-01-14,3289.47,4565.01,7156.92,4370.05,1115.64,1358.58,9551.06,6088.52
2020-01-15,3286.79,4562.73,7169.23,4371.85,1111.92,1358.73,9558.51,6099.68
2020-01-16,3291.14,4558.54,7155.51,4369.51,1112.18,1359.33,9558.67,6101.27
2020-01-17,3289.92,4562.91,7170.37,4370.11,1112.94,1356.39,9567.06,6101.05
2020-01-20,3296.08,4565.1,7179.76,4387.11,1115.11,1362.45,9579.3,6114.9
2020-01-21,3293.47,4578.76,7188.16,4386.16,1115.61,1361.34,9560.82,6103.69
2020-01-22,3295.17,4572.12,7179.8,4388.58,1118.72,1362.34,9571.93,6116.19
2020-01-23,3303.66,4579.76,7183.32,4389.13,1118.76,1363.37,9575.18,6112.86
2020-01-24,3298.55,4573.02,7197.18,4400.32,1118.94,1361.27,9583.12,6119.58
2020-01-27,3306.88,4595.82,7220.92,4412.55,1123.07,1366.22,9623.54,6138.22
2020-01-28,3313.42,4603.3,7205.87,4413.46,1122.16,1368.76,9615.35,6142.5
2020-01-29,3324.68,4603.05,7218.91,4418.76,1125.75,1370.37,9638.64,6163.45
2020-01-30,3327.43,4608.29,7236.6,4415.54,1123.97,1374.31,9637.17,6163.96
2020-01-31,3323.05,4607.52,7236.96,4425.19,1125.66,1375.69,9650.33,6179.67
2020-02-03,3340.66,4638.07,7268.76,4434.71,1129.38,1376.4,9679.62,6182.46
2020-02-04,3339.69,4636.75,7283.3,4443.15,1131.89,1381.5,9690.91,6205.06
2020-02-05,3341.92,4634.33,7295.4,4454.34,1134.11,1380.95,9704.75,6209.83
2020-02-06,3348.87,4656.92,7305.06,4465.85,1133.75,1383.1,9725.11,6207.32
2020-02-07,3355.19,4656.08,7300.7,4459.55,1134.53,1384.09,9741.16,6235.04
2020-02-10,3370.28,4666.93,7326.42,4476.22,1142.23,1387.98,9791.81,6252.68
2020-02-11,3369.02,4677.64,7330.75,4489.66,1140.31,1394.51,9785.16,6256.73
2020-02-12,3381.05,4688.74,7358.12,4493.24,1142.72,1393.82,9808.41,6256.4
2020-02-13,3384.39,4688.89,7368.87,4490.37,1144.46,1395.22,9802.47,6268.7
2020-02-14,3382.38,4689.36,7358.43,4501.04,1145.19,1395.32,9803.66,6272.74
2020-02-17,3393.89,4698.31,7395.9,4507.18,1147.15,1398.13,9858.09,6283.89
2020-02-18,3388.96,4711.67,7384.01,4514.31,1150.02,1400.46,9868.52,6294.25
2020-02-19,3398.5,4714.58,7397.69,4524.09,1149.7,1400.87,9860.17,6308.24
2020-02-20,3398.77,4714.4,7411.88,4528.61,1153.19,1404.58,9874.62,6302.75
2020-02-21,3397.75,4723.75,7409.7,4533.36,1150.87,1406.46,9863.43,6313.98
2020-02-24,3404.56,4729.27,7417.93,4527.92,1154.71,1404.5,9894.89,6319.4
2020-02-25,3409.27,4731.07,7407.05,4538.68,1154.8,1407.99,9905.85,6320.15
2020-02-26,3410.33,4725.53,7430.17,4533.28,1154.08,1404.23,9887.68,6310.49
2020-02-27,3401.11,4726.52,7407.38,4527.22,1156.01,1405.39,9886.02,6325.11
2020-02-28,3401.53,4732.46,7418.41,4526.82,1152.39,1405.95,9897.93,6320.31
2020-03-02,3403.52,4716.92,7422.07,4527.93,1153.42,1405.9,9890.68,6327.56
2020-03-03,3408.65,4729.65,7407.85,4533.08,1154.02,1407.23,9882.31,6325.33
2020-03-04,3403.5,4727.83,7410.63,4532.74,1151.71,1404.02,9883.2,6316.34
2020-03-05,3402.36,4725.23,7417.93,4526.09,1150.6,1404.16,9865.35,6318.18
2020-03-06,3397.77,4719.98,7410.68,4524.38,1153.42,1403.47,9871.56,6317.83
2020-03-09,3390.67,4711.74,7378.57,4512.6,1149.7,1403.77,9868.27,6302.82
2020-03-10,3387.58,4706.51,7380.12,4506.95,1149.94,1402.23,9845.77,6293.65
2020-03-11,3387.66,4698.88,7369.16,4514.33,1149.01,1398.5,9833.22,6298.33
2020-03-12,3383.41,4698.15,7363.18,4513.79,1148.26,1398.63,9828.43,6274.27
2020-03-13,3380.0,4696.78,7367.73,4500.79,1146.41,1395.86,9836.78,6279.65
2020-03-16,3370.92,4679.69,7339.55,4491.55,1143.1,1392.26,9817.24,6265.7
2020-03-17,3371.0,4680.06,7347.27,4480.89,1142.38,1393.02,9784.05,6252.77
2020-03-18,3371.46,4676.42,7347.77,4478.71,1140.74,1393.23,9767.81,6240.47
2020-03-19,3361.26,4666.02,7321.43,4477.71,1140.28,1388.81,9777.06,6249.21
2020-03-20,3361.53,4659.75,7337.42,4474.88,1137.58,1386.93,9773.93,6237.78
2020-03-23,3361.01,4658.77,7295.23,4469.32,1138.52,1388.09,9754.63,6226.97
2020-03-24,3358.3,4656.12,7298.87,4458.25,1133.68,1382.38,9731.13,6209.85
2020-03-25,3346.14,4646.94,7289.32,4466.28,1133.6,1383.81,9728.59,6212.87
2020-03-26,3352.1,4652.49,7300.13,4448.48,1133.56,1382.18,9736.31,6215.31
2020-03-27,3344.89,4645.6,7299.48,4446.13,1135.47,1379.73,9697.9,6196.78
2020-03-30,3346.09,4631.85,7286.02,4448.38,1129.94,1382.14,9689.21,6208.39
2020-03-31,3345.25,4634.26,7262.12,4438.07,1130.31,1377.73,9706.95,6189.23
2020-04-01,3338.7,4625.17,7280.73,4441.02,1129.12,1380.06,9702.04,6194.17
2020-04-02,3341.99,4628.26,7278.29,4447.83,1130.76,1379.92,9685.96,6194.01
2020-04-03,3339.9,4623.03,7271.72,4447.3,1132.76,1380.99,9688.92,6194.31
2020-04-06,3333.78,4639.38,7257.58,4444.99,1130.65,1380.15,9708.47,6202.68
2020-04-07,3345.25,4639.1,7258.25,4437.04,1131.0,1379.69,9707.72,6201.4
2020-04-08,3343.42,4632.89,7265.22,4440.15,1132.46,1378.32,9682.29,6199.74
2020-04-09,3342.52,4638.14,7275.25,4442.06,1133.79,1379.74,9703.75,6201.62
2020-04-10,3336.93,4631.5,7274.85,4455.73,1130.39,1382.62,9709.24,6199.01
2020-04-13,3351.97,4651.85,7299.76,4448.32,1135.86,1382.09,9735.17,6211.78
2020-04-14,3355.96,4641.4,7297.62,4465.12,1134.41,1385.53,9717.39,6217.76
2020-04-15,3348.26,4656.76,7297.23,4466.29,1134.37,1384.59,9740.14,6213.55
2020-04-16,3354.65,4659.84,7311.37,4468.69,1135.18,1387.46,9745.84,6229.56
2020-04-17,3354.4,4668.08,7304.31,4471.85,1137.8,1386.28,9741.26,6226.92
2020-04-20,3374.6,4669.75,7337.1,4491.65,1140.84,1393.57,9772.24,6248.28
2020-04-21,3373.0,4673.2,7338.54,4491.61,1142.54,1390.8,9788.04,6253.7
2020-04-22,3377.36,4687.18,7354.59,4501.22,1145.75,1396.02,9806.8,6276.15
2020-04-23,3379.84,4690.37,7353.94,4499.66,1147.75,1399.09,9812.98,6272.91
2020-04-24,3383.34,4696.97,7381.45,4502.65,1149.12,1400.84,9840.77,6273.21
2020-04-27,3393.69,4722.88,7413.81,4524.94,1150.29,1402.21,9880.94,6296.92
2020-04-28,3403.29,4714.89,7401.88,4534.81,1154.37,1405.75,9875.73,6305.65
2020-04-29,3402.25,4719.91,7413.67,4526.78,1153.25,1405.13,9898.48,6325.12
2020-04-30,3417.23,4726.29,7437.17,4544.91,1157.16,1409.47,9915.39,6335.72
2020-05-01,3410.0,4742.03,7446.65,4552.12,1157.45,1410.06,9911.67,6336.42
2020-05-04,3425.76,4752.25,7471.25,4563.77,1160.55,1416.12,9933.28,6362.62
2020-05-05,3430.53,4756.44,7483.35,4560.81,1160.88,1419.0,9969.21,6357.86
2020-05-06,3436.94,4770.22,7480.52,4565.77,1162.21,1418.04,9967.3,6381.21
2020-05-07,3435.83,4771.7,7479.91,4566.26,1162.45,1421.6,9976.36,6380.3
2020-05-08,3438.86,4766.72,7487.3,4580.15,1165.44,1420.3,9988.17,6379.75
2020-05-11,3452.66,4776.79,7502.87,4581.05,1169.52,1422.85,10020.41,6385.02
2020-05-12,3453.45,4779.3,7508.41,4589.09,1168.86,1426.28,10032.4,6405.38
2020-05-13,3454.12,4795.73,7513.73,4591.3,1167.49,1425.48,10033.41,6393.49
2020-05-14,3454.2,4793.76,7519.1,4591.84,1171.67,1427.51,10011.01,6401.2
2020-05-15,3455.11,4791.12,7527.92,4594.84,1169.26,1425.22,10028.14,6417.1
2020-05-18,3457.98,4791.24,7527.94,4595.3,1169.9,1427.95,10052.25,6420.99
2020-05-19,3463.33,4803.53,7523.45,4593.49,1172.89,1429.83,10024.6,6407.04
2020-05-20,3455.1,4801.55,7522.83,4595.3,1173.15,1426.02,10050.2,6424.1
2020-05-21,3456.49,4793.7,7517.89,4598.96,1172.22,1426.33,10024.66,6417.76
2020-05-22,3460.59,4790.41,7533.0,4598.84,1170.57,1426.74,10026.91,6423.4
2020-05-25,3455.34,4793.51,7531.72,4598.71,1168.03,1424.75,10012.95,6395.85
2020-05-26,3447.54,4791.89,7521.16,4591.38,1171.2,1423.2,10023.16,6414.42
2020-05-27,3455.77,4792.43,7518.31,4594.66,1170.25,1422.73,10016.54,6398.46
2020-05-28,3453.84,4791.74,7520.9,4593.34,1166.93,1422.57,10014.49,6386.02
2020-05-29,3440.84,4788.65,7499.0,4586.42,1169.31,1421.51,10014.43,6394.36
2020-06-01,3441.92,4775.4,7497.36,4580.19,1163.88,1422.67,9973.27,6378.07
2020-06-02,3442.01,4773.42,7478.77,4567.64,1162.62,1420.86,9990.41,6384.62
2020-06-03,3432.17,4767.68,7476.46,4569.92,1161.48,1418.68,9959.9,6378.73
2020-06-04,3428.25,4763.73,7457.82,4570.2,1163.91,1417.34,9975.47,6363.32
2020-06-05,3427.97,4762.84,7455.9,4555.07,1162.4,1413.89,9966.31,6361.93
2020-06-08,3423.64,4747.31,7446.8,4552.2,1159.05,1412.76,9912.39,6335.37
2020-06-09,3415.08,4742.91,7435.04,4543.38,1157.27,1409.29,9901.0,6325.6
2020-06-10,3410.71,4735.98,7432.92,4538.91,1154.38,1409.83,9918.71,6333.85
2020-06-11,3414.19,4723.31,7413.94,4533.37,1155.99,1408.61,9904.46,6315.24
2020-06-12,3402.82,4722.58,7415.73,4527.85,1156.12,1409.05,9878.09,6329.77
2020-06-15,3402.63,4719.18,7402.41,4518.74,1153.1,1402.84,9865.18,6299.14
2020-06-16,3394.81,4707.12,7402.32,4514.69,1152.61,1405.63,9863.81,6294.83
2020-06-17,3398.08,4719.05,7399.5,4517.57,1150.97,1402.15,9876.72,6288.96
2020-06-18,3399.85,4705.79,7401.09,4513.11,1150.46,1399.74,9852.73,6295.81
2020-06-19,3391.26,4705.35,7376.14,4520.81,1150.44,1401.5,9858.67,6291.82
2020-06-22,3390.94,4708.83,7383.28,4502.87,1146.73,1397.74,9852.39,6285.15
2020-06-23,3388.68,4698.92,7369.14,4507.54,1148.57,1401.5,9836.64,6295.74
2020-06-24,3387.87,4696.69,7392.42,4504.8,1149.26,1397.22,9846.22,6285.64
2020-06-25,3393.84,4693.16,7366.07,4510.9,1146.01,1397.25,9827.5,6293.35
2020-06-26,3384.28,4704.22,7383.75,4513.01,1147.92,1398.47,9843.4,6281.53
2020-06-29,3397.13,4696.66,7395.22,4510.23,1149.96,1401.97,9862.92,6278.92
2020-06-30,3387.74,4710.16,7382.48,4519.14,1149.95,1402.09,9865.75,6281.59
2020-07-01,3388.93,4715.99,7396.92,4519.8,1147.71,1403.04,9861.39,6294.75
2020-07-02,3401.4,4702.41,7390.49,4523.15,1149.96,1404.54,9849.52,6307.79
2020-07-03,3399.83,4716.05,7412.13,4528.51,1149.61,1405.2,9850.43,6305.73
2020-07-06,3400.54,4721.75,7426.66,4535.28,1154.45,1404.49,9902.78,6322.67
2020-07-07,3411.41,4727.91,7415.68,4538.61,1154.77,1407.25,9908.48,6320.39
2020-07-08,3413.18,4741.13,7420.25,4538.32,1153.67,1410.96,9889.9,6336.03
2020-07-09,3410.11,4729.04,7442.94,4547.37,1156.98,1410.09,9903.43,6324.97
2020-07-10,3419.48,4745.46,7441.42,4547.17,1157.34,1409.96,9929.86,6341.66
2020-07-13,3435.87,4760.74,7472.7,4559.61,1160.42,1416.25,9945.04,6351.54
2020-07-14,3433.26,4755.62,7485.97,4574.57,1163.73,1416.48,9979.02,6369.99
2020-07-15,3437.09,4769.19,7491.92,4577.55,1163.11,1418.79,9997.92,6381.6
2020-07-16,3441.18,4782.27,7507.62,4575.12,1166.14,1423.51,10001.16,6376.64
2020-07-17,3451.6,4776.91,7515.6,4584.49,1168.36,1421.84,10000.28,6395.85
2020-07-20,3458.51,4800.6,7542.56,4597.09,1171.23,1427.17,10044.21,6410.78
2020-07-21,3467.8,4797.74,7542.23,4613.11,1173.62,1429.44,10062.77,6435.05
2020-07-22,3465.85,4808.56,7551.66,4618.64,1175.0,1433.43,10078.94,6432.0
2020-07-23,3471.2,4809.98,7570.2,4616.76,1173.93,1432.69,10073.04,6449.29
2020-07-24,3478.82,4817.55,7579.02,4625.76,1176.73,1437.06,10094.73,6438.59
2020-07-27,3479.9,4828.27,7583.64,4644.63,1182.61,1441.55,10122.25,6473.94
2020-07-28,3493.78,4847.71,7588.66,4641.44,1180.58,1442.03,10112.2,6478.02
2020-07-29,3486.31,4843.76,7592.68,4649.72,1182.69,1441.95,10122.1,6466.98
2020-07-30,3490.26,4843.83,7603.38,4647.08,1183.91,1445.46,10147.65,6482.63
2020-07-31,3496.78,4855.54,7620.6,4658.97,1184.09,1445.57,10136.24,6481.1
2020-08-03,3504.99,4856.93,7616.57,4666.15,1188.34,1446.3,10181.5,6501.88
2020-08-04,3503.68,4868.3,7627.32,4667.18,1189.19,1449.21,10186.26,6495.89
2020-08-05,3504.21,4869.26,7633.28,4658.95,1187.18,1448.37,10167.01,6497.93
2020-08-06,3508.83,4866.83,7644.18,4661.12,1188.08,1446.52,10166.5,6515.62
2020-08-07,3513.67,4871.12,7637.79,4660.11,1186.18,1450.32,10188.96,6510.77
2020-08-10,3510.52,4868.54,7644.25,4670.6,1187.23,1446.61,10184.26,6507.35
2020-08-11,3502.3,4872.07,7648.82,4664.56,1186.55,1448.84,10167.96,6511.79
2020-08-12,3507.94,4864.95,7625.26,4663.95,1187.06,1449.59,10170.51,6495.88
2020-08-13,3508.85,4867.85,7623.92,4670.79,1189.72,1446.99,10177.58,6508.24
2020-08-14,3500.16,4859.64,7628.28,4664.7,1188.07,1449.56,10188.48,6503.26
2020-08-17,3495.77,4854.23,7621.44,4651.43,1184.09,1445.3,10169.4,6487.44
2020-08-18,3504.95,4852.32,7631.29,4660.73,1183.3,1446.08,10157.08,6479.93
2020-08-19,3495.53,4853.69,7610.83,4659.03,1185.3,1442.74,10149.05,6495.99
2020-08-20,3495.64,4840.74,7605.93,4644.38,1182.5,1443.1,10136.64,6492.21
2020-08-21,3492.44,4843.98,7606.78,4640.23,1183.48,1441.98,10140.76,6467.14
2020-08-24,3483.78,4836.33,7580.53,4634.02,1181.59,1436.23,10111.65,6464.32
2020-08-25,3476.03,4827.19,7591.57,4632.28,1178.36,1436.02,10099.63,6455.08
2020-08-26,3475.95,4824.28,7576.03,4631.52,1179.31,1434.6,10080.08,6450.61
2020-08-27,3474.12,4814.18,7566.09,4622.74,1177.4,1433.95,10084.25,6434.93
2020-08-28,3467.44,4816.01,7550.4,4627.54,1174.45,1436.08,10090.96,6438.96
2020-08-31,3462.69,4803.37,7536.7,4604.26,1172.47,1429.27,10065.53,6427.22
2020-09-01,3465.4,4808.37,7529.06,4605.33,1171.55,1426.95,10057.91,6408.47
2020-09-02,3455.2,4802.62,7541.78,4599.83,1173.0,1428.57,10052.76,6413.97
2020-09-03,3458.6,4797.24,7526.49,4605.83,1169.12,1426.49,10018.33,6397.83
2020-09-04,3452.59,4793.57,7529.41,4596.15,1169.95,1427.22,10034.35,6395.44
2020-09-07,3441.38,4788.12,7495.5,4583.34,1168.33,1422.6,10011.9,6383.66
2020-09-08,3443.95,4773.02,7506.37,4579.1,1168.83,1422.84,10014.23,6385.55
2020-09-09,3449.09,4782.68,7509.68,4584.87,1167.66,1421.26,10002.52,6379.68
2020-09-10,3438.37,4769.72,7506.64,4586.12,1164.31,1423.07,9994.7,6381.97
2020-09-11,3439.49,4766.12,7499.66,4585.1,1163.75,1423.18,9988.59,6377.53
2020-09-14,3435.7,4764.09,7496.62,4581.21,1165.76,1417.95,9998.31,6381.76
2020-09-15,3443.34,4775.48,7481.46,4577.9,1165.08,1421.57,9990.32,6376.51
2020-09-16,3445.37,4765.57,7503.31,4579.73,1163.57,1418.58,9995.67,6372.5
2020-09-17,3437.58,4767.47,7500.93,4582.15,1164.37,1419.24,10003.78,6388.25
2020-09-18,3436.74,4765.03,7498.92,4572.98,1166.24,1420.96,10007.61,6382.65
2020-09-21,3449.82,4785.39,7492.78,4579.45,1167.37,1425.0,10017.75,6391.72
2020-09-22,3448.58,4776.08,7499.07,4585.1,1168.63,1421.26,10011.02,6397.52
2020-09-23,3446.49,4782.78,7498.75,4597.65,1170.21,1426.26,10004.41,6394.49
2020-09-24,3451.14,4790.46,7525.16,4587.42,1169.9,1424.8,10010.74,6405.98
2020-09-25,3448.66,4785.61,7512.7,4596.61,1172.01,1426.06,10021.62,6400.71
2020-09-28,3469.51,4800.15,7544.14,4608.25,1173.02,1431.13,10065.7,6418.01
2020-09-29,3466.07,4816.19,7560.81,4619.01,1174.55,1430.61,10052.97,6432.05
2020-09-30,3473.6,4821.57,7549.18,4619.71,1174.13,1432.26,10068.98,6442.2
2020-10-01,3470.18,4826.39,7563.53,4621.37,1176.73,1434.72,10079.52,6436.26
2020-10-02,3478.81,4830.38,7562.07,4631.08,1179.54,1435.62,10093.98,6451.86
2020-10-05,3487.78,4839.8,7587.93,4640.76,1181.42,1442.86,10123.92,6479.93
2020-10-06,3493.05,4841.19,7603.37,4645.61,1185.29,1442.77,10133.69,6476.03
2020-10-07,3503.29,4847.3,7628.49,4653.63,1187.16,1442.11,10161.1,6481.82
2020-10-08,3508.7,4853.42,7633.5,4659.15,1187.19,1447.59,10168.06,6486.73
2020-10-09,3510.73,4871.75,7647.85,4664.57,1189.8,1447.5,10176.02,6512.96
2020-10-12,3519.57,4889.65,7662.15,4685.04,1192.25,1452.52,10210.26,6520.01
2020-10-13,3522.23,4895.47,7681.02,4685.93,1191.45,1452.58,10238.35,6524.3
2020-10-14,3525.1,4899.72,7673.13,4700.46,1195.42,1454.67,10229.56,6549.91
2020-10-15,3535.62,4892.98,7680.28,4706.1,1195.39,1457.64,10235.62,6540.22
2020-10-16,3529.12,4903.0,7705.81,4696.06,1198.9,1459.31,10257.56,6564.28
2020-10-19,3547.95,4920.49,7716.68,4722.24,1200.62,1461.0,10281.89,6567.71
2020-10-20,3547.78,4920.32,7720.35,4719.1,1200.9,1463.92,10292.67,6571.63
2020-10-21,3553.8,4924.95,7738.26,4714.54,1201.73,1465.21,10307.08,6591.86
2020-10-22,3552.4,4923.55,7720.65,4724.68,1203.09,1464.53,10298.36,6575.96
2020-10-23,3550.23,4926.23,7730.09,4724.88,1204.61,1467.37,10310.41,6597.51
2020-10-26,3559.68,4936.94,7755.9,4736.66,1206.85,1469.54,10342.08,6589.96
2020-10-27,3559.73,4943.24,7743.18,4742.55,1206.25,1470.2,10345.14,6603.89
2020-10-28,3557.86,4944.89,7760.97,4734.23,1203.44,1470.0,10338.68,6598.88
2020-10-29,3553.32,4929.67,7755.82,4733.08,1205.04,1471.21,10329.28,6611.96
2020-10-30,3557.32,4930.86,7747.54,4743.37,1203.49,1467.52,10319.55,6598.17
2020-11-02,3555.43,4940.68,7747.75,4741.42,1204.76,1470.33,10337.19,6602.66
2020-11-03,3556.6,4931.64,7735.71,4737.61,1206.42,1466.97,10335.69,6605.05
2020-11-04,3557.85,4931.4,7754.37,4728.45,1203.9,1467.66,10317.39,6590.99
2020-11-05,3549.26,4933.13,7743.9,4733.79,1204.35,1468.99,10332.69,6586.76
2020-11-06,3549.58,4930.19,7731.27,4729.96,1204.37,1465.85,10319.3,6590.17
2020-11-09,3549.63,4913.0,7715.02,4714.36,1199.42,1465.3,10292.89,6585.43
2020-11-10,3549.55,4908.8,7717.07,4714.94,1200.68,1463.06,10281.14,6579.15
2020-11-11,3535.96,4921.11,7722.61,4712.82,1200.99,1463.45,10273.42,6561.33
2020-11-12,3540.79,4912.37,7714.72,4710.48,1198.97,1462.75,10280.85,6564.67
2020-11-13,3535.3,4904.72,7700.77,4703.98,1199.54,1459.01,10260.85,6549.55
2020-11-16,3521.8,4888.37,7687.23,4700.37,1195.46,1458.2,10231.23,6533.02
2020-11-17,3530.4,4883.59,7670.78,4692.71,1192.63,1452.86,10241.67,6548.63
2020-11-18,3527.01,4880.06,7661.35,4680.63,1193.43,1456.27,10228.97,6528.82
2020-11-19,3523.13,4886.5,7661.45,4674.99,1193.06,1452.01,10200.3,6522.62
2020-11-20,3516.66,4869.62,7643.86,4682.52,1190.08,1451.09,10215.17,6530.75
2020-11-23,3511.61,4856.82,7648.6,4668.08,1188.39,1446.45,10195.09,6501.54
2020-11-24,3501.64,4860.51,7644.74,4660.18,1187.33,1448.2,10192.15,6492.23
2020-11-25,3503.85,4865.3,7614.85,4661.2,1185.41,1446.05,10181.79,6494.14
2020-11-26,3505.8,4860.14,7614.22,4662.02,1185.22,1444.57,10160.96,6504.35
2020-11-27,3502.06,4853.73,7606.03,4652.92,1182.94,1443.79,10162.55,6481.75
2020-11-30,3493.73,4838.25,7610.58,4643.49,1182.17,1443.18,10139.24,6479.2
2020-12-01,3493.02,4836.26,7592.86,4645.49,1182.79,1440.2,10142.15,6478.2
2020-12-02,3488.68,4835.73,7612.32,4650.61,1181.39,1440.39,10150.89,6468.21
2020-12-03,3493.27,4836.67,7603.71,4649.9,1183.48,1442.36,10134.25,6477.07
2020-12-04,3490.64,4847.1,7602.08,4648.65,1181.32,1443.69,10130.85,6469.59
2020-12-07,3488.95,4843.87,7590.5,4645.28,1183.71,1440.29,10120.96,6482.97
2020-12-08,3493.48,4836.61,7591.57,4652.2,1182.06,1440.25,10135.9,6469.73
2020-12-09,3497.99,4836.65,7600.68,4654.06,1181.5,1442.64,10151.83,6470.67
2020-12-10,3493.63,4851.37,7600.32,4645.55,1183.61,1442.13,10147.87,6490.11
2020-12-11,3496.46,4854.94,7605.58,4644.24,1184.95,1441.38,10159.69,6490.51
2020-12-14,3506.91,4858.9,7621.67,4664.77,1185.49,1447.1,10152.28,6496.81
2020-12-15,3506.07,4852.66,7626.11,4659.99,1184.56,1445.65,10188.05,6508.47
2020-12-16,3503.25,4859.1,7635.28,4667.65,1187.66,1447.75,10187.29,6513.06
2020-12-17,3511.53,4872.59,7644.64,4668.03,1190.14,1451.06,10201.04,6509.01
2020-12-18,3513.27,4871.33,7637.37,4672.48,1190.95,1448.57,10194.63,6506.45
2020-12-21,3526.83,4887.26,7663.92,4688.08,1191.27,1453.46,10222.83,6526.78
2020-12-22,3525.08,4883.58,7669.61,4694.51,1194.98,1454.79,10244.46,6535.68
2020-12-23,3530.21,4891.86,7679.33,4700.14,1196.5,1455.29,10259.94,6541.01
2020-12-24,3528.97,4896.5,7700.02,4701.39,1196.46,1457.02,10268.84,6563.55
2020-12-25,3539.85,4916.38,7692.49,4710.39,1196.98,1461.53,10286.2,6567.77
2020-12-28,3549.74,4929.07,7719.72,4726.83,1201.65,1465.18,10316.9,6596.99
2020-12-29,3550.4,4927.88,7738.32,4722.27,1204.82,1465.7,10330.95,6594.41
2020-12-30,3559.75,4932.52,7749.68,4738.7,1207.35,1467.93,10321.9,6597.07
2020-12-31,3569.33,4942.02,7761.24,4739.86,1206.8,1473.19,10339.93,6606.46
2021-01-01,3566.45,4947.57,7761.55,4746.01,1208.46,1470.46,10359.29,6605.65
2021-01-04,3578.66,4961.75,7787.18,4764.23,1212.3,1478.38,10374.85,6631.37
2021-01-05,3579.56,4969.86,7800.95,4767.69,1215.3,1478.56,10392.09,6656.04
2021-01-06,3581.08,4980.74,7809.86,4776.45,1213.91,1481.11,10404.95,6655.72
2021-01-07,3590.42,4974.97,7823.69,4769.77,1216.11,1480.14,10410.44,6659.26
2021-01-08,3588.03,4986.02,7831.75,4786.08,1215.3,1483.3,10444.69,6662.8
2021-01-11,3599.31,4993.92,7836.29,4785.87,1218.39,1488.12,10465.4,6673.72
2021-01-12,3602.39,4988.77,7835.23,4793.24,1221.33,1487.29,10460.08,6670.02
2021-01-13,3608.71,4997.0,7845.01,4795.96,1220.35,1486.48,10465.62,6677.86
2021-01-14,3604.31,5006.84,7859.22,4805.04,1221.61,1488.7,10451.53,6696.92
2021-01-15,3610.6,5011.4,7851.98,4798.53,1223.45,1488.44,10458.15,6686.14
2021-01-18,3606.49,5010.72,7871.27,4796.28,1224.19,1487.95,10495.03,6704.01
2021-01-19,3606.94,5005.14,7862.18,4808.47,1224.17,1489.71,10476.37,6701.89
2021-01-20,3609.96,4998.95,7864.55,4797.0,1222.75,1489.78,10476.98,6686.32
2021-01-21,3603.86,4999.21,7871.75,4804.45,1223.46,1489.65,10490.67,6704.42
2021-01-22,3604.54,5013.05,7850.45,4801.23,1224.17,1491.94,10466.71,6694.05
2021-01-25,3601.09,5001.16,7846.68,4801.82,1223.16,1489.26,10479.21,6699.58
2021-01-26,3600.17,4992.79,7843.19,4793.62,1222.62,1490.28,10446.99,6694.15
2021-01-27,3602.3,5003.75,7851.77,4793.52,1219.04,1486.57,10457.62,6688.31
2021-01-28,3602.73,4996.65,7838.31,4785.4,1219.03,1486.44,10444.16,6681.22
2021-01-29,3600.32,4993.61,7824.44,4781.36,1220.35,1485.83,10465.03,6678.12
2021-02-01,3594.36,4974.16,7810.33,4781.83,1215.2,1484.03,10414.73,6650.99
2021-02-02,3585.86,4976.17,7810.42,4768.99,1213.72,1483.3,10408.0,6663.43
2021-02-03,3585.6,4981.11,7815.4,4773.22,1213.27,1480.26,10414.03,6642.09
2021-02-04,3577.34,4964.2,7802.96,4764.23,1211.88,1480.22,10413.37,6649.63
2021-02-05,3581.66,4969.09,7802.33,4768.95,1211.09,1476.95,10380.28,6641.58
2021-02-08,3571.24,4957.04,7771.26,4754.96,1211.37,1473.93,10362.85,6613.92
2021-02-09,3562.84,4942.91,7777.07,4740.64,1206.96,1472.47,10365.95,6615.73
2021-02-10,3561.52,4940.49,7757.01,4748.36,1208.22,1471.04,10356.22,6616.84
2021-02-11,3564.92,4943.28,7748.29,4747.44,1206.68,1472.46,10342.58,6605.88
2021-02-12,3555.23,4943.56,7753.06,4734.83,1204.39,1469.54,10342.06,6594.94
2021-02-15,3546.48,4933.03,7747.34,4733.96,1201.38,1467.49,10298.28,6582.01
2021-02-16,3554.32,4925.95,7732.44,4723.78,1202.2,1464.02,10295.36,6592.77
2021-02-17,3551.4,4916.69,7732.44,4719.43,1203.02,1464.82,10293.6,6592.93
2021-02-18,3547.65,4920.56,7734.05,4713.05,1202.46,1465.65,10295.52,6587.36
2021-02-19,3550.58,4925.07,7721.56,4715.79,1199.4,1462.85,10286.48,6582.31
2021-02-22,3541.96,4914.54,7723.62,4710.36,1198.29,1464.47,10283.39,6574.0
2021-02-23,3538.57,4912.05,7719.18,4711.15,1199.96,1461.23,10288.7,6569.76
2021-02-24,3538.64,4906.72,7698.68,4705.63,1199.49,1464.18,10282.18,6579.18
2021-02-25,3543.61,4906.25,7720.53,4709.49,1197.58,1464.32,10278.35,6577.43
2021-02-26,3536.97,4917.76,7703.7,4709.56,1198.96,1462.93,10298.06,6564.17
2021-03-01,3545.67,4917.81,7713.22,4722.26,1199.5,1460.72,10287.73,6569.2
2021-03-02,3548.38,4914.52,7714.47,4713.35,1199.11,1465.51,10300.74,6574.71
2021-03-03,3541.1,4921.94,7714.01,4714.21,1200.11,1464.24,10289.84,6573.28
2021-03-04,3550.35,4929.64,7720.98,4714.54,1200.43,1462.64,10282.41,6579.86
2021-03-05,3552.1,4931.75,7723.9,4725.21,1204.14,1466.95,10310.41,6594.34
2021-03-08,3557.9,4929.34,7749.5,4739.3,1205.62,1470.35,10333.38,6596.87
2021-03-09,3555.81,4940.15,7757.56,4740.72,1207.15,1471.53,10340.29,6611.81
2021-03-10,3564.17,4943.98,7766.92,4746.61,1209.08,1472.58,10350.58,6620.02
2021-03-11,3562.62,4950.51,7758.9,4743.42,1208.15,1473.59,10352.18,6619.17
2021-03-12,3569.98,4948.02,7764.26,4746.31,1208.88,1474.79,10359.63,6621.12
2021-03-15,3585.96,4966.35,7790.67,4765.51,1214.59,1476.91,10389.44,6654.18
2021-03-16,3585.63,4977.52,7799.32,4770.99,1213.8,1482.64,10422.72,6653.7
2021-03-17,3587.87,4985.96,7815.47,4782.44,1216.08,1480.67,10434.77,6654.31
2021-03-18,3589.91,4978.94,7825.51,4779.21,1215.55,1482.52,10418.4,6667.68
2021-03-19,3596.24,4998.38,7845.71,4785.49,1216.92,1487.67,10430.46,6671.96
2021-03-22,3605.85,5009.16,7861.05,4805.13,1224.38,1492.66,10480.4,6694.39
2021-03-23,3615.16,5022.1,7865.19,4808.41,1223.66,1490.42,10496.01,6708.31
2021-03-24,3624.54,5026.95,7884.06,4822.91,1225.66,1492.5,10518.59,6707.95
2021-03-25,3622.35,5021.27,7896.14,4817.34,1228.76,1498.52,10502.85,6719.05
2021-03-26,3632.35,5023.29,7909.8,4826.11,1226.41,1495.31,10532.59,6738.87
2021-03-29,3637.7,5051.08,7926.28,4833.81,1232.81,1502.75,10558.19,6747.15
2021-03-30,3645.91,5057.34,7919.82,4848.74,1232.62,1505.08,10557.55,6759.14
2021-03-31,3645.8,5048.94,7921.96,4842.79,1233.42,1502.52,10581.34,6769.88
2021-04-01,3648.0,5061.17,7937.54,4848.59,1235.67,1507.65,10595.61,6766.72
2021-04-02,3643.69,5068.75,7937.64,4857.12,1236.52,1504.21,10600.25,6775.38
2021-04-05,3653.15,5065.44,7956.79,4863.3,1239.59,1508.25,10621.86,6791.14
2021-04-06,3660.93,5065.89,7972.01,4873.48,1236.87,1508.72,10603.86,6780.37
2021-04-07,3658.17,5074.16,7965.14,4865.05,1239.47,1512.31,10607.84,6787.15
2021-04-08,3653.67,5082.51,7967.09,4866.45,1238.06,1510.51,10611.58,6781.09
2021-04-09,3655.37,5072.43,7963.63,4869.26,1240.22,1509.65,10640.15,6782.6
2021-04-12,3659.92,5070.88,7966.51,4871.22,1239.2,1512.48,10629.44,6795.46
2021-04-13,3654.27,5077.85,7961.27,4873.59,1239.09,1513.17,10619.96,6798.21
2021-04-14,3656.23,5080.54,7955.56,4870.91,1239.0,1513.41,10633.18,6780.86
2021-04-15,3660.91,5079.41,7965.56,4860.07,1238.7,1512.64,10612.53,6784.94
2021-04-16,3652.94,5073.49,7966.6,4870.54,1240.67,1508.9,10602.63,6773.71
2021-04-19,3650.51,5067.55,7958.82,4865.71,1236.68,1510.78,10609.5,6780.15
2021-04-20,3655.13,5059.29,7936.68,4864.06,1237.41,1508.36,10588.56,6767.7
2021-04-21,3645.74,5068.62,7933.25,4848.63,1237.53,1505.19,10582.25,6776.88
2021-04-22,3641.5,5049.35,7927.39,4851.59,1236.07,1503.84,10569.52,6759.96
2021-04-23,3649.11,5060.08,7922.76,4847.45,1236.25,1505.19,10593.39,6747.41
2021-04-26,3634.8,5037.89,7929.13,4830.89,1229.8,1500.35,10565.55,6749.83
2021-04-27,3628.26,5040.53,7920.04,4828.44,1230.19,1501.74,10537.25,6749.07
2021-04-28,3632.25,5034.58,7906.06,4825.72,1230.06,1500.88,10555.27,6725.91
2021-04-29,3622.99,5039.16,7901.22,4830.65,1226.52,1497.07,10526.71,6725.04
2021-04-30,3617.87,5018.34,7889.12,4830.08,1229.45,1498.84,10527.12,6712.06
2021-05-03,3615.84,5015.7,7875.78,4811.5,1226.52,1494.03,10499.03,6705.73
2021-05-04,3612.51,5018.01,7862.17,4813.31,1222.93,1494.16,10497.42,6706.84
2021-05-05,3611.31,5007.8,7862.47,4802.76,1221.5,1492.83,10465.99,6689.31
2021-05-06,3608.6,5008.31,7850.0,4807.47,1221.58,1489.66,10463.51,6698.12
2021-05-07,3602.17,4994.62,7855.54,4790.14,1220.0,1486.22,10480.03,6692.98
2021-05-10,3597.31,4995.77,7839.29,4783.3,1216.87,1484.7,10434.01,6680.82
2021-05-11,3591.57,4985.23,7821.16,4779.88,1219.2,1485.88,10447.92,6676.06
2021-05-12,3596.78,4982.75,7827.37,4791.0,1217.47,1485.35,10425.67,6659.81
2021-05-13,3592.97,4979.91,7827.03,4789.03,1216.08,1485.07,10431.6,6664.84
2021-05-14,3599.21,4984.38,7826.42,4777.94,1216.92,1483.04,10428.45,6673.08
2021-05-17,3588.31,4987.19,7827.45,4780.91,1214.51,1482.19,10433.43,6667.71
2021-05-18,3592.41,4973.57,7814.34,4782.5,1216.76,1482.52,10443.01,6668.87
2021-05-19,3587.28,4977.54,7811.6,4786.62,1216.62,1482.33,10416.91,6668.91
2021-05-20,3591.9,4976.47,7812.19,4776.87,1217.79,1481.15,10445.27,6670.19
2021-05-21,3590.83,4988.52,7818.33,4789.4,1216.65,1482.92,10419.71,6663.99
2021-05-24,3597.37,4988.69,7837.56,4788.33,1218.15,1483.92,10434.18,6662.88
2021-05-25,3598.95,4990.0,7841.01,4788.83,1217.5,1484.32,10448.75,6669.14
2021-05-26,3606.87,4992.91,7852.15,4793.26,1219.14,1487.71,10461.87,6677.62
2021-05-27,3597.59,4990.82,7837.09,4799.65,1220.19,1486.15,10455.29,6687.27
2021-05-28,3610.03,5007.02,7856.04,4797.11,1219.8,1488.17,10463.02,6683.26
2021-05-31,3610.74,5011.48,7884.88,4807.67,1223.48,1494.77,10494.7,6704.84
2021-06-01,3617.14,5016.82,7867.74,4816.72,1225.3,1492.73,10509.99,6705.04
2021-06-02,3616.3,5027.73,7891.64,4822.48,1227.6,1497.68,10525.16,6730.37
2021-06-03,3630.38,5026.36,7896.78,4831.76,1229.49,1495.54,10536.25,6725.74
2021-06-04,3627.32,5042.53,7913.62,4832.58,1230.95,1499.29,10552.29,6729.72
2021-06-07,3640.31,5055.52,7917.68,4839.81,1235.49,1504.53,10559.81,6761.63
2021-06-08,3644.46,5049.54,7931.74,4847.74,1234.46,1508.1,10573.09,6771.51
2021-06-09,3649.65,5057.42,7958.53,4864.55,1236.46,1507.94,10612.16,6759.93
2021-06-10,3658.16,5064.05,7952.86,4856.34,1237.63,1507.6,10596.01,6769.64
2021-06-11,3659.41,5078.08,7977.82,4869.57,1238.45,1508.63,10606.33,6780.61
2021-06-14,3672.14,5098.3,8005.1,4877.66,1244.23,1516.95,10666.33,6810.6
2021-06-15,3679.35,5093.32,8014.26,4894.23,1243.5,1518.54,10681.42,6827.88
2021-06-16,3674.99,5111.22,8001.99,4898.51,1245.1,1518.87,10673.39,6830.87
2021-06-17,3683.52,5109.51,8005.94,4892.67,1246.94,1522.84,10708.17,6835.87
2021-06-18,3682.12,5117.37,8032.61,4904.76,1250.23,1524.3,10714.75,6842.65
2021-06-21,3698.16,5119.97,8040.28,4924.17,1253.65,1526.89,10714.56,6855.81
2021-06-22,3698.34,5123.93,8065.33,4917.95,1253.24,1525.67,10735.48,6850.98
2021-06-23,3704.93,5127.39,8064.46,4923.45,1253.15,1526.68,10727.89,6875.28
2021-06-24,3701.2,5127.73,8062.13,4919.35,1252.82,1527.94,10742.93,6874.58
2021-06-25,3700.3,5141.7,8061.85,4934.99,1253.5,1528.96,10764.56,6871.3
2021-06-28,3710.19,5149.85,8069.23,4936.8,1256.8,1531.6,10775.18,6881.33
2021-06-29,3705.94,5151.46,8084.02,4932.43,1254.8,1530.8,10779.11,6877.03
2021-06-30,3709.4,5155.22,8090.35,4942.6,1258.18,1532.15,10771.63,6879.44
2021-07-01,3707.67,5139.89,8081.54,4940.68,1257.59,1534.78,10784.3,6892.76
2021-07-02,3714.2,5154.96,8075.43,4937.38,1257.67,1534.76,10780.44,6889.13
2021-07-05,3706.66,5154.5,8073.5,4942.12,1255.6,1531.92,10773.56,6875.61
2021-07-06,3705.77,5150.61,8085.99,4943.08,1254.36,1533.48,10770.24,6873.88
2021-07-07,3712.72,5148.09,8060.37,4931.9,1256.81,1530.02,10770.01,6871.82
2021-07-08,3707.76,5144.85,8081.2,4930.22,1256.87,1528.86,10757.59,6879.75
2021-07-09,3698.64,5141.93,8060.93,4935.61,1255.56,1527.42,10753.8,6876.39
2021-07-12,3693.7,5127.47,8052.33,4927.42,1252.95,1525.3,10754.71,6857.6
2021-07-13,3692.43,5131.14,8055.51,4911.97,1253.27,1524.16,10717.39,6861.71
2021-07-14,3688.92,5130.47,8046.91,4917.27,1250.28,1522.56,10711.27,6853.31
2021-07-15,3692.72,5122.87,8030.9,4906.42,1250.57,1522.21,10731.79,6838.22
2021-07-16,3693.32,5119.9,8028.44,4910.73,1250.69,1524.47,10723.46,6849.79
2021-07-19,3680.31,5108.56,8012.26,4889.93,1244.86,1517.38,10698.94,6833.45
2021-07-20,3682.62,5095.98,7998.23,4892.97,1244.69,1519.03,10687.56,6815.04
2021-07-21,3669.5,5095.48,8001.78,4880.16,1242.45,1518.97,10665.46,6812.46
2021-07-22,3676.66,5085.8,7992.68,4887.82,1241.49,1514.22,10660.73,6797.74
2021-07-23,3672.44,5088.06,7983.88,4880.69,1243.31,1513.56,10650.9,6807.85
2021-07-26,3662.72,5069.69,7964.71,4867.37,1240.75,1511.66,10614.79,6798.6
2021-07-27,3661.68,5068.1,7966.8,4869.82,1238.67,1507.62,10605.8,6779.59
2021-07-28,3650.82,5068.35,7949.41,4861.93,1239.8,1511.42,10599.03,6786.78
2021-07-29,3646.39,5066.47,7965.75,4852.96,1235.26,1510.69,10612.05,6774.52
2021-07-30,3656.6,5061.18,7937.75,4853.99,1238.19,1507.21,10611.77,6781.04
2021-08-02,3640.74,5056.24,7939.69,4852.01,1236.45,1503.53,10572.22,6772.2
2021-08-03,3641.31,5062.79,7937.82,4841.65,1232.82,1506.1,10582.82,6761.45
2021-08-04,3648.68,5057.68,7924.66,4845.0,1233.05,1504.02,10578.16,6746.81
2021-08-05,3646.91,5045.19,7925.41,4840.73,1235.57,1504.01,10560.04,6757.46
2021-08-06,3643.62,5049.31,7934.75,4841.35,1233.94,1505.38,10575.73,6766.88
2021-08-09,3647.54,5057.91,7942.81,4842.32,1231.97,1503.02,10588.4,6764.86
2021-08-10,3649.29,5049.29,7925.9,4850.49,1234.34,1502.57,10574.57,6764.09
2021-08-11,3647.55,5050.91,7932.07,4852.08,1235.69,1506.34,10570.45,6767.97
2021-08-12,3649.48,5048.15,7927.62,4854.55,1235.2,1503.72,10575.95,6758.27
2021-08-13,3650.31,5063.59,7947.46,4853.49,1234.45,1504.7,10595.84,6758.66
2021-08-16,3654.19,5066.46,7964.47,4864.87,1235.6,1509.25,10591.53,6785.9
2021-08-17,3657.08,5071.05,7949.92,4864.37,1236.66,1510.81,10628.19,6782.69
2021-08-18,3658.19,5068.7,7952.56,4872.09,1238.43,1512.5,10628.5,6791.79
2021-08-19,3662.39,5077.37,7957.65,4868.25,1238.23,1513.34,10618.03,6794.52
2021-08-20,3669.75,5073.57,7965.51,4880.97,1242.63,1513.83,10646.07,6805.19
2021-08-23,3679.19,5095.35,8007.65,4892.74,1242.44,1519.16,10667.8,6810.9
2021-08-24,3680.71,5109.01,8008.46,4901.5,1247.62,1518.18,10671.08,6821.06
2021-08-25,3687.68,5098.75,8004.88,4903.63,1248.26,1517.92,10690.87,6817.92
2021-08-26,3689.16,5112.55,8035.56,4912.48,1246.62,1524.12,10702.96,6832.14
2021-08-27,3688.8,5114.13,8039.85,4915.78,1251.59,1525.41,10701.44,6837.73
2021-08-30,3707.45,5130.32,8070.83,4932.5,1254.23,1530.26,10748.13,6869.68
2021-08-31,3704.86,5138.7,8081.12,4939.58,1255.16,1531.82,10744.89,6883.67
2021-09-01,3713.42,5149.16,8086.32,4943.83,1257.13,1529.98,10779.77,6881.07
2021-09-02,3719.29,5145.74,8090.61,4937.36,1258.68,1531.57,10802.04,6888.78
2021-09-03,3714.82,5164.51,8109.02,4953.42,1260.64,1536.43,10807.24,6898.02
2021-09-06,3725.18,5170.79,8118.68,4958.41,1262.61,1541.51,10844.53,6925.37
2021-09-07,3729.59,5172.2,8139.35,4975.06,1263.88,1543.72,10833.1,6930.75
2021-09-08,3742.13,5176.59,8151.64,4980.44,1268.04,1543.98,10839.4,6929.2
2021-09-09,3744.19,5190.09,8139.98,4985.98,1267.31,1543.87,10862.85,6934.77
2021-09-10,3744.14,5189.68,8164.07,4976.88,1268.03,1548.1,10881.2,6955.6
2021-09-13,3749.43,5203.09,8157.39,4986.02,1272.04,1547.58,10875.94,6965.88
2021-09-14,3750.5,5199.57,8175.85,4988.14,1270.79,1549.93,10882.54,6953.51
2021-09-15,3751.42,5210.29,8172.46,4994.85,1274.26,1550.96,10903.28,6967.88
2021-09-16,3762.57,5215.29,8187.56,4993.06,1274.29,1552.4,10918.08,6959.36
2021-09-17,3753.28,5205.7,8176.2,4999.37,1273.23,1552.44,10901.2,6975.37
2021-09-20,3762.53,5219.72,8191.45,5011.49,1275.61,1554.93,10917.27,6966.5
2021-09-21,3755.6,5222.0,8202.23,5005.19,1275.78,1552.76,10928.42,6986.27
2021-09-22,3763.45,5221.08,8196.19,5013.29,1274.7,1552.14,10913.39,6965.98
2021-09-23,3766.05,5214.23,8191.82,5009.3,1274.22,1551.25,10903.57,6981.5
2021-09-24,3763.29,5208.58,8196.6,5004.66,1274.15,1552.27,10927.23,6979.32
2021-09-27,3752.23,5208.49,8194.93,4998.46,1274.86,1552.91,10911.99,6971.23
2021-09-28,3753.45,5203.42,8174.08,4992.68,1273.68,1553.53,10916.94,6971.1
2021-09-29,3760.29,5199.96,8189.05,4993.03,1271.86,1549.23,10904.86,6968.61
2021-09-30,3753.35,5209.63,8183.96,4987.9,1271.69,1548.04,10900.69,6960.47
2021-10-01,3745.48,5195.76,8170.17,4997.35,1269.1,1547.45,10893.52,6960.78
2021-10-04,3747.3,5195.18,8140.1,4977.47,1266.68,1545.65,10872.52,6937.58
2021-10-05,3738.88,5186.56,8142.46,4975.37,1267.59,1543.74,10864.22,6949.08
2021-10-06,3732.58,5187.0,8147.4,4980.87,1266.57,1541.9,10869.53,6937.76
2021-10-07,3733.92,5174.9,8128.54,4969.22,1265.5,1540.14,10836.74,6921.13
2021-10-08,3728.9,5175.57,8129.48,4963.27,1263.42,1541.51,10830.23,6929.63
2021-10-11,3724.27,5167.91,8104.54,4957.83,1263.04,1536.3,10827.03,6904.05
2021-10-12,3724.33,5168.25,8099.46,4944.82,1259.36,1533.67,10787.62,6905.71
2021-10-13,3721.51,5150.45,8103.75,4942.4,1260.95,1535.33,10783.59,6898.29
2021-10-14,3717.09,5148.08,8089.21,4948.79,1256.68,1536.41,10770.09,6882.71
2021-10-15,3711.25,5146.19,8074.88,4947.52,1255.99,1531.2,10782.16,6885.95
2021-10-18,3706.24,5132.62,8061.1,4924.94,1256.17,1528.34,10744.41,6875.49
2021-10-19,3701.71,5127.96,8059.79,4924.38,1254.64,1527.59,10755.42,6863.87
2021-10-20,3698.93,5126.01,8044.53,4930.11,1253.51,1527.08,10734.47,6862.43
2021-10-21,3704.87,5129.6,8057.8,4918.28,1251.87,1528.67,10741.48,6867.21
2021-10-22,3693.27,5121.59,8057.42,4917.58,1251.43,1527.35,10719.88,6847.8
2021-10-25,3688.33,5118.84,8055.28,4914.55,1252.57,1526.94,10726.92,6859.92
2021-10-26,3697.4,5125.06,8045.45,4914.79,1249.2,1524.19,10715.1,6849.09
2021-10-27,3699.01,5121.01,8043.15,4915.7,1250.23,1523.55,10737.63,6840.75
2021-10-28,3691.83,5128.81,8052.28,4908.24,1249.3,1523.71,10707.0,6850.65
2021-10-29,3691.58,5127.26,8048.34,4910.7,1250.37,1526.83,10719.1,6847.32
2021-11-01,3698.0,5128.05,8058.91,4916.28,1251.64,1525.26,10744.95,6850.01
2021-11-02,3695.54,5123.41,8049.77,4919.53,1251.25,1525.25,10719.67,6862.85
2021-11-03,3696.67,5126.56,8058.74,4921.17,1250.45,1526.3,10746.28,6862.05
2021-11-04,3701.12,5129.05,8068.53,4920.48,1252.64,1528.71,10726.53,6859.2
2021-11-05,3705.09,5134.05,8060.26,4921.68,1255.1,1529.2,10735.74,6865.62
2021-11-08,3712.34,5137.67,8063.97,4943.79,1256.3,1531.72,10783.17,6885.97
2021-11-09,3714.12,5142.13,8094.65,4947.25,1258.4,1530.63,10777.42,6886.0
2021-11-10,3710.72,5159.27,8098.33,4937.44,1257.69,1535.83,10792.41,6897.96
2021-11-11,3721.36,5153.73,8110.78,4942.2,1260.07,1537.79,10807.34,6904.72
2021-11-12,3718.48,5161.01,8108.47,4945.03,1262.56,1536.83,10820.98,6912.45
2021-11-15,3729.24,5173.94,8139.52,4973.21,1266.66,1541.68,10850.52,6927.21
2021-11-16,3736.06,5184.33,8143.24,4975.13,1264.14,1545.62,10834.15,6927.65
2021-11-17,3736.53,5185.28,8160.51,4978.81,1266.03,1545.62,10863.12,6939.77
2021-11-18,3742.97,5194.69,8147.14,4978.49,1270.09,1546.56,10860.06,6955.14
2021-11-19,3751.08,5201.0,8179.27,4996.5,1269.34,1548.44,10886.17,6951.7
2021-11-22,3761.9,5227.81,8181.82,5010.46,1275.19,1554.53,10921.28,6983.14
2021-11-23,3768.02,5229.47,8204.91,5014.89,1274.65,1555.56,10931.99,6980.2
2021-11-24,3770.26,5222.86,8212.0,5025.74,1277.98,1555.14,10959.43,6992.09
2021-11-25,3770.36,5237.04,8216.81,5021.48,1279.09,1556.37,10973.92,7008.28
2021-11-26,3783.62,5242.93,8239.09,5027.41,1281.33,1561.44,10975.7,7003.29
2021-11-29,3795.0,5252.87,8243.96,5044.74,1281.71,1563.3,11000.32,7029.57
2021-11-30,3797.08,5266.35,8270.02,5048.89,1284.65,1564.73,11010.55,7039.47
2021-12-01,3801.74,5270.03,8263.44,5044.91,1286.43,1568.68,11021.73,7041.94
2021-12-02,3793.51,5267.95,8267.84,5046.5,1284.69,1569.49,11015.69,7056.01
2021-12-03,3795.18,5277.16,8269.75,5051.83,1288.09,1569.73,11027.47,7052.96
2021-12-06,3807.81,5285.21,8292.88,5066.54,1288.88,1574.41,11066.7,7062.49
2021-12-07,3811.3,5287.44,8294.33,5060.52,1291.11,1573.8,11054.51,7063.29
2021-12-08,3808.78,5289.89,8298.78,5077.72,1291.21,1572.57,11053.61,7077.25
2021-12-09,3816.07,5279.98,8287.21,5069.1,1289.13,1575.65,11055.71,7077.29
2021-12-10,3809.29,5278.96,8310.03,5070.65,1289.01,1572.27,11079.89,7080.76
2021-12-13,3818.1,5290.08,8308.3,5080.99,1289.67,1576.1,11059.89,7067.13
2021-12-14,3813.32,5291.67,8287.1,5073.25,1290.94,1575.62,11065.57,7077.23
2021-12-15,3810.2,5285.72,8286.51,5072.93,1291.43,1576.1,11062.47,7079.47
2021-12-16,3813.58,5289.55,8294.95,5073.68,1290.81,1572.43,11068.63,7078.17
2021-12-17,3810.34,5287.76,8289.84,5068.19,1291.08,1571.09,11065.1,7067.96
2021-12-20,3809.06,5272.77,8297.92,5058.87,1288.39,1573.04,11037.54,7061.41
2021-12-21,3802.64,5273.12,8273.6,5066.84,1287.62,1571.84,11048.53,7044.89
2021-12-22,3797.72,5271.0,8278.69,5060.86,1288.33,1567.47,11042.71,7050.53
2021-12-23,3798.54,5271.64,8278.51,5053.52,1285.18,1570.29,11017.37,7039.71
2021-12-24,3789.8,5258.16,8256.51,5046.07,1285.34,1568.39,11027.49,7032.63
2021-12-27,3787.67,5257.13,8256.27,5041.16,1282.33,1564.08,11014.31,7016.15
2021-12-28,3786.89,5247.09,8249.69,5032.14,1282.75,1562.34,10983.43,7015.84
2021-12-29,3782.66,5237.69,8246.1,5027.18,1279.89,1564.01,10964.64,7015.23
2021-12-30,3779.61,5239.9,8219.87,5033.03,1279.82,1561.88,10959.01,7019.13
2021-12-31,3780.86,5230.8,8229.01,5017.46,1280.18,1557.18,10967.41,7013.95
2022-01-03,3767.07,5233.22,8198.7,5020.05,1277.28,1556.69,10940.87,6991.02
2022-01-04,3764.49,5217.35,8196.74,5015.64,1276.25,1554.97,10911.69,6989.44
2022-01-05,3758.44,5225.36,8189.77,5007.13,1273.42,1551.45,10926.76,6977.71
2022-01-06,3757.54,5215.95,8197.42,4996.69,1274.92,1551.67,10923.18,6975.04
2022-01-07,3756.44,5216.11,8191.15,5004.05,1270.69,1551.44,10918.98,6959.49
2022-01-10,3756.63,5201.2,8178.44,4997.56,1270.58,1547.29,10904.86,6964.29
2022-01-11,3753.15,5208.26,8163.43,4980.84,1270.95,1546.54,10886.96,6943.15
2022-01-12,3743.48,5194.93,8152.3,4983.99,1269.45,1546.48,10870.31,6952.1
2022-01-13,3751.78,5201.28,8162.21,4978.85,1267.5,1544.51,10870.9,6942.56
2022-01-14,3741.86,5190.85,8144.85,4987.45,1266.86,1548.01,10886.45,6950.58
2022-01-17,3745.91,5192.03,8156.16,4981.69,1269.34,1547.7,10859.87,6943.01
2022-01-18,3748.76,5195.29,8161.31,4987.99,1269.15,1545.34,10875.65,6949.84
2022-01-19,3743.4,5194.67,8161.9,4979.31,1268.37,1544.85,10884.66,6932.75
2022-01-20,3748.28,5195.94,8139.57,4989.39,1269.13,1547.07,10871.42,6948.56
2022-01-21,3740.82,5189.9,8150.39,4982.06,1270.02,1544.14,10855.07,6952.05
2022-01-24,3754.83,5195.77,8174.06,4983.83,1271.23,1547.17,10871.95,6951.23
2022-01-25,3757.08,5201.49,8158.76,4985.79,1272.04,1550.14,10901.89,6959.84
2022-01-26,3756.96,5203.37,8165.09,4998.94,1271.33,1549.22,10884.28,6958.51
2022-01-27,3758.77,5213.52,8184.24,5003.21,1270.24,1549.03,10890.87,6958.07
2022-01-28,3753.06,5215.09,8179.2,4999.75,1274.0,1550.15,10906.04,6981.25
2022-01-31,3763.78,5226.99,8200.39,5005.94,1274.19,1556.27,10934.45,6976.17
2022-02-01,3774.09,5225.15,8207.54,5011.57,1278.63,1555.28,10933.71,6993.28
2022-02-02,3780.2,5240.82,8230.1,5029.21,1277.07,1556.91,10972.76,7009.54
2022-02-03,3780.81,5237.43,8217.14,5029.26,1279.7,1561.68,10974.7,7014.5
2022-02-04,3776.18,5246.16,8229.37,5034.43,1279.61,1559.25,10978.83,7010.56
2022-02-07,3787.88,5267.45,8258.18,5043.31,1285.56,1567.36,11030.21,7042.09
2022-02-08,3798.19,5264.57,8270.23,5055.29,1287.58,1568.43,11018.58,7037.03
2022-02-09,3800.58,5276.4,8267.7,5054.63,1287.63,1569.51,11044.71,7048.61
2022-02-10,3807.44,5282.89,8276.94,5072.06,1288.56,1573.73,11041.96,7054.67
2022-02-11,3812.5,5279.54,8306.73,5072.99,1290.72,1575.25,11079.01,7074.86
2022-02-14,3827.14,5295.35,8333.71,5090.55,1295.32,1577.01,11101.59,7088.61
2022-02-15,3820.79,5311.7,8339.17,5086.24,1297.56,1582.01,11125.07,7105.99
2022-02-16,3832.77,5314.66,8331.78,5098.58,1298.68,1582.82,11133.62,7107.93
2022-02-17,3832.81,5320.62,8351.77,5106.72,1298.54,1580.86,11121.88,7120.6
2022-02-18,3837.1,5319.97,8360.64,5112.6,1301.48,1586.39,11124.32,7119.18
2022-02-21,3848.99,5331.12,8373.74,5121.87,1303.3,1590.77,11167.92,7131.26
2022-02-22,3853.44,5338.06,8393.6,5122.47,1305.98,1592.11,11187.83,7141.26
2022-02-23,3847.95,5342.36,8379.86,5121.81,1304.28,1590.65,11197.66,7141.17
2022-02-24,3852.52,5349.75,8387.13,5130.73,1304.22,1591.4,11173.17,7141.34
2022-02-25,3853.23,5344.32,8400.59,5138.36,1306.56,1594.58,11206.52,7155.01
2022-02-28,3867.01,5357.05,8406.84,5137.64,1306.89,1592.25,11220.04,7166.96
2022-03-01,3867.1,5355.81,8417.63,5141.18,1308.36,1593.17,11204.71,7161.9
2022-03-02,3864.97,5362.49,8415.1,5146.02,1310.02,1595.69,11204.64,7172.4
2022-03-03,3864.51,5365.99,8420.59,5144.17,1308.44,1596.64,11226.41,7173.52
2022-03-04,3865.09,5364.23,8413.85,5142.56,1307.53,1594.41,11226.83,7166.47
2022-03-07,3860.9,5350.14,8414.9,5133.22,1308.88,1593.3,11199.37,7163.24
2022-03-08,3855.6,5363.92,8399.24,5145.66,1306.95,1596.39,11212.21,7165.79
2022-03-09,3858.12,5353.17,8400.63,5135.89,1305.57,1593.2,11206.18,7168.06
2022-03-10,3862.8,5344.85,8390.72,5129.05,1308.3,1594.81,11203.48,7156.73
2022-03-11,3854.05,5357.76,8388.57,5128.35,1304.4,1591.44,11187.28,7158.44
2022-03-14,3845.28,5339.29,8373.05,5126.81,1302.2,1591.69,11164.08,7142.59
2022-03-15,3852.25,5329.71,8368.25,5118.2,1305.29,1589.05,11162.52,7142.27
2022-03-16,3847.02,5338.37,8362.01,5111.35,1303.35,1587.13,11170.21,7121.74
2022-03-17,3847.68,5327.47,8357.13,5120.73,1303.78,1584.86,11170.42,7139.16
2022-03-18,3844.6,5330.51,8358.13,5117.7,1298.68,1586.21,11156.34,7127.16
2022-03-21,3835.33,5306.97,8349.07,5092.66,1296.92,1582.97,11112.09,7107.77
2022-03-22,3823.3,5317.8,8331.41,5090.49,1298.62,1578.72,11099.11,7099.51
2022-03-23,3822.11,5312.38,8342.94,5087.94,1295.76,1578.87,11096.97,7086.6
2022-03-24,3818.36,5310.85,8313.51,5082.77,1296.38,1578.58,11116.28,7091.14
2022-03-25,3819.74,5297.25,8321.3,5085.81,1293.13,1575.53,11085.56,7080.71
2022-03-28,3811.95,5281.87,8307.61,5068.17,1292.59,1575.66,11062.52,7064.75
2022-03-29,3814.0,5275.67,8303.05,5071.38,1290.18,1572.91,11063.77,7073.62
2022-03-30,3806.17,5273.9,8284.72,5069.48,1289.59,1572.45,11042.09,7055.69
2022-03-31,3803.07,5269.27,8284.99,5069.83,1286.76,1568.46,11039.15,7064.07
2022-04-01,3797.17,5274.98,8289.26,5067.46,1287.1,1569.32,11041.35,7057.21
2022-04-04,3791.59,5268.87,8263.76,5045.44,1284.61,1569.02,11023.9,7052.47
2022-04-05,3798.24,5257.43,8265.94,5043.62,1284.32,1565.94,11033.77,7048.09
2022-04-06,3789.46,5261.89,8260.97,5052.93,1287.43,1567.21,11019.39,7048.46
2022-04-07,3789.84,5271.36,8256.98,5055.17,1285.85,1564.67,11019.03,7028.1
2022-04-08,3799.63,5269.54,8251.46,5049.43,1285.76,1568.14,11020.21,7030.86
2022-04-11,3799.82,5255.83,8255.66,5044.23,1284.79,1565.76,11011.45,7038.68
2022-04-12,3800.31,5265.17,8255.73,5057.42,1285.47,1568.14,11008.72,7028.61
2022-04-13,3792.78,5262.67,8272.97,5042.85,1286.97,1569.5,11009.47,7051.66
2022-04-14,3802.6,5272.39,8258.17,5059.42,1285.82,1567.28,11034.32,7036.94
2022-04-15,3804.02,5266.67,8270.12,5057.78,1286.14,1569.07,11036.52,7048.95
2022-04-18,3805.84,5280.75,8296.22,5068.91,1288.85,1569.71,11053.08,7061.82
2022-04-19,3808.49,5277.66,8287.86,5063.8,1290.06,1572.7,11036.35,7063.05
2022-04-20,3806.97,5291.95,8295.08,5065.8,1291.2,1574.02,11059.52,7067.6
2022-04-21,3806.47,5281.59,8293.48,5066.83,1291.94,1574.75,11085.55,7062.69
2022-04-22,3809.85,5298.41,8308.03,5071.79,1293.62,1574.98,11081.58,7066.33
2022-04-25,3827.13,5307.94,8330.72,5084.33,1296.5,1582.16,11117.75,7108.0
2022-04-26,3832.03,5318.33,8339.93,5089.61,1298.85,1580.39,11114.03,7094.56
2022-04-27,3827.67,5318.34,8345.29,5109.48,1300.29,1584.08,11123.76,7099.55
2022-04-28,3843.63,5330.32,8354.29,5102.08,1300.05,1585.99,11134.81,7106.9
2022-04-29,3835.96,5335.75,8366.17,5106.53,1300.14,1584.28,11168.23,7121.04
2022-05-02,3854.8,5351.72,8405.71,5123.52,1305.36,1593.79,11176.15,7144.01
2022-05-03,3863.47,5354.04,8405.82,5142.22,1305.03,1595.22,11186.0,7163.7
2022-05-04,3862.41,5349.64,8399.67,5143.57,1309.06,1595.2,11208.87,7166.19
2022-05-05,3870.96,5360.37,8409.58,5137.7,1308.52,1594.65,11217.28,7178.78
2022-05-06,3865.24,5376.12,8416.24,5157.8,1309.05,1600.03,11250.06,7187.86
2022-05-09,3878.11,5390.01,8442.52,5173.8,1316.38,1602.64,11280.0,7210.32
2022-05-10,3889.63,5383.39,8462.6,5173.57,1315.37,1603.14,11267.33,7207.02
2022-05-11,3884.38,5390.56,8464.3,5181.24,1316.56,1605.94,11278.47,7216.59
2022-05-12,3898.47,5392.17,8485.11,5173.06,1320.53,1606.22,11306.05,7225.42
2022-05-13,3895.94,5398.41,8489.21,5184.9,1319.76,1606.11,11294.43,7218.56
2022-05-16,3902.64,5417.05,8507.58,5201.32,1322.94,1612.15,11339.16,7231.05
2022-05-17,3907.89,5419.96,8513.95,5192.1,1324.24,1613.55,11338.74,7249.25
2022-05-18,3909.3,5428.69,8518.5,5192.23,1323.13,1615.3,11340.73,7250.16
2022-05-19,3907.73,5429.66,8503.16,5207.56,1324.43,1612.11,11334.23,7243.09
2022-05-20,3905.59,5416.67,8528.08,5196.22,1324.29,1615.28,11347.96,7265.15
2022-05-23,3912.71,5421.95,8524.77,5207.35,1326.62,1617.37,11362.39,7247.5
2022-05-24,3914.21,5425.58,8521.42,5202.41,1324.34,1613.48,11371.1,7251.21
2022-05-25,3919.58,5433.11,8531.03,5215.07,1325.57,1616.49,11378.55,7268.08
2022-05-26,3911.55,5425.2,8527.35,5201.25,1326.97,1613.41,11361.76,7249.1
2022-05-27,3914.54,5419.94,8509.52,5207.75,1324.59,1613.21,11347.02,7268.8
2022-05-30,3912.26,5430.53,8526.0,5200.95,1325.03,1615.31,11354.53,7248.06
2022-05-31,3906.17,5429.76,8503.03,5194.76,1322.41,1614.94,11341.56,7259.4
2022-06-01,3902.47,5425.09,8509.26,5190.85,1322.88,1613.25,11350.53,7236.39
2022-06-02,3908.67,5408.88,8491.87,5192.21,1322.06,1612.29,11326.2,7236.04
2022-06-03,3907.05,5416.86,8511.11,5193.31,1323.74,1609.42,11321.71,7231.97
2022-06-06,3899.14,5403.14,8489.97,5188.98,1317.94,1608.59,11323.97,7222.39
2022-06-07,3887.58,5397.87,8480.09,5184.34,1317.59,1607.01,11303.21,7211.51
2022-06-08,3893.7,5397.02,8469.73,5171.82,1318.65,1604.16,11285.13,7222.27
2022-06-09,3881.88,5383.43,8470.85,5179.72,1317.59,1607.49,11289.78,7207.6
2022-06-10,3883.73,5386.93,8451.92,5162.26,1315.99,1604.49,11264.27,7200.36
2022-06-13,3880.63,5383.05,8435.71,5160.72,1313.08,1601.4,11247.28,7193.88
2022-06-14,3876.66,5363.36,8433.18,5156.52,1313.43,1600.53,11248.57,7173.98
2022-06-15,3874.51,5359.11,8429.91,5152.39,1310.58,1599.3,11243.27,7167.45
2022-06-16,3871.26,5356.21,8422.88,5151.15,1308.68,1595.18,11211.02,7171.77
2022-06-17,3869.71,5361.97,8407.93,5149.89,1309.16,1593.69,11226.93,7172.77
2022-06-20,3854.52,5355.63,8390.39,5130.62,1306.7,1592.47,11213.46,7164.59
2022-06-21,3851.12,5347.11,8383.58,5122.89,1307.14,1589.08,11204.17,7148.34
2022-06-22,3851.96,5341.56,8392.78,5125.84,1306.6,1590.28,11189.51,7143.7
2022-06-23,3849.99,5334.91,8389.17,5128.49,1306.13,1590.7,11186.14,7131.51
2022-06-24,3848.09,5343.9,8394.18,5116.35,1303.56,1591.41,11171.06,7128.95
2022-06-27,3839.65,5331.65,8368.19,5121.2,1300.56,1586.72,11179.83,7135.05
2022-06-28,3847.72,5340.5,8362.52,5109.03,1301.6,1589.72,11163.6,7124.62
2022-06-29,3843.69,5340.85,8384.71,5111.49,1302.51,1586.04,11146.97,7129.6
2022-06-30,3850.18,5338.35,8383.3,5108.75,1302.16,1589.99,11144.92,7136.87
2022-07-01,3842.83,5341.22,8374.29,5112.88,1303.54,1589.6,11147.76,7142.96
2022-07-04,3845.47,5336.26,8370.33,5118.45,1301.47,1590.48,11154.91,7140.27
2022-07-05,3852.16,5335.05,8392.24,5121.31,1305.4,1588.35,11174.66,7143.48
2022-07-06,3855.83,5335.34,8381.02,5124.56,1305.82,1591.91,11173.77,7144.26
2022-07-07,3848.28,5349.29,8385.85,5119.26,1306.42,1590.73,11179.41,7132.76
2022-07-08,3847.94,5337.36,8387.65,5119.95,1307.31,1590.59,11191.76,7146.15
2022-07-11,3862.22,5349.93,8406.95,5138.43,1309.02,1591.78,11219.45,7167.89
2022-07-12,3864.36,5363.04,8413.67,5147.74,1307.77,1593.05,11227.2,7163.57
2022-07-13,3861.27,5360.5,8414.93,5137.84,1309.99,1596.72,11220.13,7176.33
2022-07-14,3865.48,5365.26,8415.75,5154.09,1311.36,1597.37,11250.39,7179.94
2022-07-15,3868.18,5372.43,8446.34,5153.64,1311.66,1602.21,11254.89,7189.7
2022-07-18,3879.63,5382.81,8468.2,5176.32,1317.64,1606.25,11263.31,7217.89
2022-07-19,3891.08,5400.63,8461.96,5175.55,1315.37,1607.99,11284.31,7217.59
2022-07-20,3888.24,5397.9,8475.4,5184.4,1317.83,1607.94,11288.87,7225.46
2022-07-21,3892.79,5408.57,8480.29,5178.9,1321.04,1606.9,11332.05,7219.46
2022-07-22,3898.21,5403.97,8509.89,5194.8,1322.83,1608.95,11318.8,7247.14
2022-07-25,3910.33,5434.63,8522.09,5204.44,1324.94,1616.26,11382.49,7256.32
2022-07-26,3914.99,5427.59,8530.96,5215.2,1326.56,1616.1,11370.61,7264.19
2022-07-27,3922.32,5448.62,8542.11,5214.97,1329.51,1618.53,11375.25,7279.72
2022-07-28,3922.92,5439.09,8546.34,5217.58,1330.14,1618.83,11402.39,7278.02
2022-07-29,3931.04,5445.96,8556.81,5231.36,1329.4,1624.89,11417.58,7286.69
2022-08-01,3943.41,5465.93,8593.94,5243.46,1334.44,1627.66,11435.06,7305.76
2022-08-02,3939.9,5463.83,8588.9,5255.0,1335.76,1628.79,11439.62,7306.72
2022-08-03,3952.4,5468.77,8594.35,5247.1,1338.76,1628.64,11446.65,7312.11
2022-08-04,3944.69,5482.04,8597.1,5260.83,1336.3,1629.84,11456.16,7330.27
2022-08-05,3955.19,5474.34,8606.49,5253.19,1340.66,1632.3,11460.05,7323.87
2022-08-08,3954.74,5497.26,8614.27,5264.49,1339.23,1633.6,11494.28,7353.75
2022-08-09,3959.59,5496.99,8634.98,5275.35,1341.19,1635.37,11488.73,7346.92
2022-08-10,3962.85,5491.26,8615.46,5270.63,1343.26,1636.04,11496.54,7347.77
2022-08-11,3959.93,5491.03,8623.53,5268.09,1340.3,1637.37,11499.77,7342.89
2022-08-12,3959.19,5499.01,8636.95,5268.52,1340.96,1634.18,11523.35,7348.06
2022-08-15,3963.12,5498.25,8626.71,5281.93,1344.6,1634.99,11508.57,7348.23
2022-08-16,3958.98,5498.86,8642.97,5270.61,1341.88,1634.94,11516.15,7342.66
2022-08-17,3962.42,5490.45,8632.03,5275.78,1342.06,1638.52,11505.19,7360.83
2022-08-18,3961.44,5495.13,8619.68,5278.93,1343.63,1634.86,11499.87,7339.17
2022-08-19,3957.98,5500.71,8613.88,5273.09,1343.35,1637.11,11514.24,7344.62
2022-08-22,3956.24,5484.08,8625.14,5266.12,1341.09,1635.93,11493.35,7331.8
2022-08-23,3956.33,5482.48,8607.76,5261.86,1338.78,1631.93,11472.43,7342.98
2022-08-24,3956.63,5484.92,8600.64,5258.64,1340.7,1634.35,11466.11,7331.14
2022-08-25,3952.69,5481.86,8593.44,5256.24,1337.98,1633.61,11478.81,7318.31
2022-08-26,3951.5,5479.98,8588.83,5251.36,1335.57,1629.29,11467.68,7328.67
2022-08-29,3939.18,5460.75,8572.5,5235.17,1332.93,1629.21,11424.13,7315.65
2022-08-30,3931.13,5467.91,8579.99,5234.5,1335.38,1625.54,11417.03,7293.68
2022-08-31,3930.84,5453.52,8557.32,5229.3,1332.09,1625.14,11409.24,7290.9
2022-09-01,3936.83,5450.94,8568.13,5228.87,1332.88,1624.45,11424.38,7288.79
2022-09-02,3923.77,5441.56,8561.1,5219.61,1330.38,1622.46,11400.37,7291.09
2022-09-05,3922.53,5432.04,8534.32,5218.36,1326.31,1617.65,11384.13,7265.63
2022-09-06,3920.96,5425.36,8530.47,5205.02,1327.96,1619.4,11385.66,7265.78
2022-09-07,3915.76,5431.81,8522.93,5202.19,1327.61,1615.42,11380.74,7249.72
2022-09-08,3907.93,5425.05,8518.61,5205.05,1323.56,1612.8,11352.06,7253.53
2022-09-09,3903.39,5420.44,8510.45,5196.63,1324.45,1615.93,11354.3,7241.48
2022-09-12,3908.3,5408.79,8505.2,5192.01,1320.05,1609.83,11327.31,7244.62
2022-09-13,3900.55,5402.67,8501.86,5195.12,1323.32,1612.99,11320.52,7227.53
2022-09-14,3904.68,5402.48,8477.08,5193.17,1322.2,1610.69,11328.16,7236.68
2022-09-15,3894.93,5406.99,8494.38,5179.03,1321.01,1611.09,11333.91,7233.18
2022-09-16,3893.62,5413.98,8496.41,5181.04,1319.44,1608.39,11304.61,7231.49
2022-09-19,3897.64,5410.92,8483.53,5187.72,1319.32,1607.25,11304.91,7228.12
2022-09-20,3890.99,5399.21,8474.26,5175.65,1318.65,1607.99,11322.55,7214.71
2022-09-21,3890.13,5404.23,8479.34,5190.75,1320.38,1607.2,11317.4,7231.5
2022-09-22,3898.42,5397.43,8481.24,5187.3,1318.1,1607.97,11307.92,7220.72
2022-09-23,3900.03,5410.18,8476.28,5177.22,1319.51,1611.15,11308.88,7225.49
2022-09-26,3902.53,5404.28,8481.73,5190.12,1322.34,1609.28,11330.65,7246.23
2022-09-27,3898.16,5412.52,8499.06,5186.75,1320.41,1610.69,11334.57,7230.37
2022-09-28,3900.25,5414.21,8514.28,5199.33,1323.12,1610.21,11323.71,7251.56
2022-09-29,3911.91,5414.19,8520.7,5205.57,1323.37,1611.91,11353.8,7239.89
2022-09-30,3911.83,5426.09,8519.77,5202.83,1322.98,1616.73,11345.11,7261.06
2022-10-03,3918.69,5439.87,8530.8,5208.04,1327.59,1616.78,11384.57,7261.13
2022-10-04,3920.78,5438.14,8542.4,5213.77,1328.68,1621.19,11378.14,7271.06
2022-10-05,3929.94,5447.28,8556.35,5220.51,1330.35,1623.23,11396.99,7286.21
2022-10-06,3929.64,5456.86,8569.25,5232.67,1332.63,1624.31,11418.85,7291.82
2022-10-07,3933.88,5453.85,8557.28,5233.69,1334.35,1622.8,11404.64,7289.54
2022-10-10,3942.55,5467.94,8603.44,5253.5,1337.31,1627.61,11445.22,7319.15
2022-10-11,3949.53,5480.55,8601.34,5263.88,1335.91,1633.29,11453.38,7331.52
2022-10-12,3957.01,5480.83,8601.33,5253.81,1338.57,1632.99,11465.87,7336.27
2022-10-13,3960.34,5493.25,8608.71,5269.38,1339.54,1635.99,11478.89,7334.22
2022-10-14,3956.58,5492.43,8618.41,5270.2,1341.58,1636.43,11498.51,7343.73
2022-10-17,3975.3,5510.51,8645.41,5286.12,1344.16,1638.59,11528.96,7366.23
2022-10-18,3973.83,5512.98,8673.02,5301.83,1345.94,1643.42,11537.84,7370.04
2022-10-19,3977.86,5518.57,8662.41,5294.45,1347.17,1642.86,11547.31,7379.68
2022-10-20,3987.5,5520.76,8689.02,5298.34,1350.15,1645.18,11559.22,7404.45
2022-10-21,3986.3,5536.87,8695.6,5308.33,1350.24,1648.4,11582.98,7393.26
2022-10-24,4001.21,5543.91,8709.47,5327.15,1355.76,1652.1,11597.29,7416.12
2022-10-25,4002.33,5544.01,8724.19,5319.31,1354.24,1650.18,11600.53,7419.98
2022-10-26,4001.64,5561.22,8722.05,5331.91,1358.33,1652.28,11612.29,7422.01
2022-10-27,4012.41,5552.92,8716.2,5323.13,1355.86,1655.11,11635.31,7430.67
2022-10-28,4010.69,5563.06,8720.92,5328.59,1359.03,1655.09,11646.73,7431.61
2022-10-31,4011.77,5567.97,8729.32,5343.86,1360.19,1655.15,11666.02,7440.13
2022-11-01,4014.51,5564.73,8744.94,5338.14,1359.88,1654.95,11646.0,7448.88
2022-11-02,4009.0,5575.51,8739.88,5341.74,1357.71,1656.14,11649.77,7447.04
2022-11-03,4013.28,5566.87,8754.76,5335.77,1361.2,1658.96,11669.91,7440.72
2022-11-04,4016.92,5573.76,8743.92,5336.8,1361.71,1658.77,11643.51,7454.39
2022-11-07,4016.07,5566.56,8749.32,5342.44,1358.29,1659.24,11659.77,7438.95
2022-11-08,4014.81,5571.58,8747.94,5337.26,1357.81,1657.62,11652.05,7450.28
2022-11-09,4017.15,5565.44,8730.87,5331.88,1359.15,1654.5,11637.21,7452.07
2022-11-10,4014.52,5559.39,8728.99,5344.4,1357.81,1656.08,11649.66,7437.14
2022-11-11,4012.07,5566.07,8739.81,5339.4,1358.75,1653.33,11637.67,7424.15
2022-11-14,3997.09,5543.78,8723.85,5323.74,1356.14,1652.26,11623.56,7417.26
2022-11-15,3997.45,5542.66,8705.07,5320.12,1354.51,1652.53,11612.31,7422.27
2022-11-16,4003.91,5551.87,8698.57,5320.96,1353.54,1649.58,11613.5,7425.45
2022-11-17,4000.53,5547.04,8689.65,5319.86,1353.56,1648.73,11614.46,7413.04
2022-11-18,3986.2,5536.07,8700.7,5311.94,1352.69,1647.4,11574.69,7409.27
2022-11-21,3988.25,5519.82,8670.98,5295.38,1348.72,1646.26,11568.38,7391.18
2022-11-22,3982.3,5525.52,8663.35,5302.15,1348.77,1645.33,11555.11,7372.86
2022-11-23,3983.46,5512.88,8664.57,5300.11,1345.3,1641.07,11551.78,7372.02
2022-11-24,3979.49,5510.25,8655.24,5296.35,1345.66,1641.92,11548.28,7364.54
2022-11-25,3971.6,5510.01,8646.29,5290.3,1345.0,1638.44,11517.48,7368.82
2022-11-28,3966.11,5502.39,8624.09,5274.68,1341.18,1636.95,11523.72,7351.68
2022-11-29,3961.32,5498.51,8621.21,5263.44,1339.74,1634.27,11485.36,7337.01
2022-11-30,3959.3,5499.28,8633.0,5263.7,1339.02,1633.91,11491.52,7353.82
2022-12-01,3962.29,5480.78,8607.45,5268.53,1339.58,1635.71,11498.52,7344.97
2022-12-02,3960.28,5490.38,8599.72,5254.7,1339.44,1632.89,11486.81,7345.04
2022-12-05,3950.4,5478.33,8610.17,5250.8,1336.92,1632.19,11457.8,7320.76
2022-12-06,3947.14,5476.05,8604.79,5248.66,1335.63,1630.67,11453.01,7330.12
2022-12-07,3947.98,5480.57,8586.54,5252.86,1335.36,1627.69,11454.56,7325.96
2022-12-08,3950.01,5477.91,8594.79,5259.37,1334.73,1628.26,11447.78,7322.29
2022-12-09,3952.26,5475.37,8598.6,5243.18,1338.5,1630.2,11441.19,7316.1
2022-12-12,3952.2,5467.95,8581.29,5257.45,1338.2,1627.62,11471.19,7320.39
2022-12-13,3944.67,5479.04,8587.27,5251.16,1338.1,1630.21,11456.96,7328.73
2022-12-14,3948.91,5470.5,8606.45,5259.12,1339.0,1627.74,11478.35,7333.72
2022-12-15,3943.26,5471.82,8600.27,5255.09,1339.64,1632.16,11470.83,7326.9
2022-12-16,3946.13,5486.56,8598.45,5248.85,1336.61,1632.77,11460.59,7317.09
2022-12-19,3952.51,5490.58,8623.76,5263.6,1339.42,1634.11,11472.55,7331.05
2022-12-20,3957.91,5489.96,8625.35,5273.13,1339.52,1636.39,11476.24,7333.28
2022-12-21,3961.21,5491.73,8612.4,5273.26,1341.93,1633.36,11487.18,7343.62
2022-12-22,3967.37,5504.94,8620.33,5274.45,1342.3,1638.57,11516.19,7359.71
2022-12-23,3966.45,5495.04,8649.5,5271.2,1343.52,1636.82,11525.04,7368.84
2022-12-26,3976.64,5509.64,8663.45,5295.03,1347.71,1641.61,11561.84,7378.05
2022-12-27,3986.09,5515.46,8675.43,5292.86,1350.22,1643.12,11557.26,7385.87
2022-12-28,3987.89,5533.79,8681.01,5310.93,1349.13,1644.2,11571.49,7380.93
2022-12-29,3995.56,5540.16,8694.69,5309.42,1353.28,1647.56,11565.93,7393.61
2022-12-30,3993.68,5546.59,8688.49,5320.29,1354.27,1647.67,11596.93,7395.88
2023-01-02,4000.02,5561.48,8725.22,5331.13,1358.11,1656.29,11632.66,7430.84
2023-01-03,4013.55,5566.36,8740.12,5329.22,1359.05,1654.37,11649.14,7428.35
2023-01-04,4019.62,5575.83,8743.27,5347.54,1357.73,1660.08,11660.85,7447.13
2023-01-05,4014.58,5567.62,8756.65,5347.28,1361.54,1660.43,11669.73,7463.78
2023-01-06,4017.54,5580.48,8746.34,5348.99,1361.65,1662.04,11676.29,7467.9
2023-01-09,4038.7,5599.6,8788.37,5374.68,1368.29,1664.56,11727.01,7484.45
2023-01-10,4039.39,5606.55,8800.33,5377.96,1368.15,1666.54,11728.58,7486.92
2023-01-11,4037.01,5608.03,8794.95,5383.99,1370.68,1667.24,11715.53,7489.11
2023-01-12,4048.77,5615.15,8795.36,5389.46,1369.31,1668.26,11728.42,7495.91
2023-01-13,4042.74,5614.07,8810.1,5392.37,1372.12,1669.78,11749.45,7498.74
2023-01-16,4059.32,5619.94,8842.67,5396.64,1372.65,1675.55,11767.93,7512.32
2023-01-17,4063.11,5631.16,8830.57,5400.28,1374.55,1677.18,11793.78,7531.38
2023-01-18,4058.29,5630.87,8849.07,5404.07,1376.64,1674.26,11792.64,7521.27
2023-01-19,4066.99,5626.38,8844.37,5399.35,1377.54,1676.09,11786.41,7542.91
2023-01-20,4060.0,5629.08,8850.46,5414.21,1377.11,1677.54,11790.64,7525.17
2023-01-23,4067.48,5639.78,8857.81,5417.31,1378.57,1677.82,11799.95,7551.25
2023-01-24,4064.04,5632.32,8864.97,5409.72,1375.38,1678.99,11788.66,7531.5
2023-01-25,4067.1,5640.79,8842.85,5402.79,1376.93,1678.66,11799.0,7535.9
2023-01-26,4063.56,5637.26,8857.39,5405.0,1375.3,1679.04,11799.1,7549.24
2023-01-27,4065.69,5634.87,8864.28,5406.32,1376.2,1680.38,11795.66,7550.93
2023-01-30,4056.17,5639.07,8845.71,5407.5,1377.59,1679.18,11808.91,7534.68
2023-01-31,4064.7,5630.91,8854.19,5409.17,1374.46,1674.73,11772.79,7531.77
2023-02-01,4055.28,5631.62,8838.99,5404.5,1375.1,1674.87,11766.88,7534.74
2023-02-02,4060.01,5621.07,8823.15,5394.82,1374.83,1676.52,11760.09,7528.61
2023-02-03,4059.7,5630.28,8836.58,5399.4,1374.33,1672.9,11763.9,7520.94
2023-02-06,4049.82,5607.98,8807.48,5379.4,1368.92,1671.69,11744.77,7503.58
2023-02-07,4047.83,5609.33,8807.14,5389.75,1370.02,1669.07,11747.03,7511.75
2023-02-08,4036.68,5611.51,8806.74,5383.49,1369.72,1669.38,11733.47,7504.06
2023-02-09,4035.87,5603.67,8785.49,5366.95,1370.14,1669.66,11714.55,7497.29
2023-02-10,4041.55,5602.03,8780.14,5374.11,1368.56,1667.42,11735.79,7479.47
2023-02-13,4025.5,5588.85,8774.24,5360.33,1363.5,1665.27,11688.47,7475.88
2023-02-14,4028.97,5587.82,8761.13,5362.32,1361.27,1661.2,11679.9,7474.05
2023-02-15,4023.34,5578.55,8768.17,5358.6,1361.43,1659.24,11676.92,7453.32
2023-02-16,4013.13,5566.34,8742.2,5343.62,1363.24,1660.41,11658.69,7463.64
2023-02-17,4014.44,5576.05,8747.74,5341.08,1358.22,1658.67,11677.05,7440.93
2023-02-20,4012.84,5564.08,8738.65,5337.42,1358.72,1657.01,11629.96,7428.64
2023-02-21,4011.02,5558.73,8719.94,5336.42,1355.37,1653.4,11631.57,7431.7
