Date,Ticker,AdjClose
2019-01-02,BBCA.JK,8972.25
2019-01-03,BBCA.JK,9087.43
2019-01-04,BBCA.JK,9010.13
2019-01-07,BBCA.JK,8988.58
2019-01-08,BBCA.JK,8983.6
2019-01-09,BBCA.JK,8918.84
2019-01-10,BBCA.JK,8798.63
2019-01-11,BBCA.JK,8857.49
2019-01-14,BBCA.JK,8891.24
2019-01-15,BBCA.JK,8719.38
2019-01-16,BBCA.JK,8925.81
2019-01-17,BBCA.JK,9014.04
2019-01-18,BBCA.JK,8947.39
2019-01-21,BBCA.JK,9029.9
2019-01-22,BBCA.JK,8989.54
2019-01-23,BBCA.JK,8985.89
2019-01-24,BBCA.JK,9058.57
2019-01-25,BBCA.JK,8946.54
2019-01-28,BBCA.JK,8999.85
2019-01-29,BBCA.JK,9127.56
2019-01-30,BBCA.JK,9250.08
2019-01-31,BBCA.JK,9224.21
2019-02-01,BBCA.JK,9309.34
2019-02-04,BBCA.JK,9160.24
2019-02-05,BBCA.JK,9147.58
2019-02-06,BBCA.JK,9190.53
2019-02-07,BBCA.JK,9068.88
2019-02-08,BBCA.JK,9063.29
2019-02-11,BBCA.JK,9221.42
2019-02-12,BBCA.JK,9464.69
2019-02-13,BBCA.JK,9540.16
2019-02-14,BBCA.JK,9621.12
2019-02-15,BBCA.JK,9530.78
2019-02-18,BBCA.JK,9417.42
2019-02-19,BBCA.JK,9286.31
2019-02-20,BBCA.JK,9338.45
2019-02-21,BBCA.JK,9410.54
2019-02-22,BBCA.JK,9350.43
2019-02-25,BBCA.JK,9237.41
2019-02-26,BBCA.JK,9263.05
2019-02-27,BBCA.JK,9293.89
2019-02-28,BBCA.JK,9283.59
2019-03-01,BBCA.JK,9403.35
2019-03-04,BBCA.JK,9396.49
2019-03-05,BBCA.JK,9392.15
2019-03-06,BBCA.JK,9289.94
2019-03-07,BBCA.JK,9304.43
2019-03-08,BBCA.JK,9431.63
2019-03-11,BBCA.JK,9439.28
2019-03-12,BBCA.JK,9447.87
2019-03-13,BBCA.JK,9490.73
2019-03-14,BBCA.JK,9518.96
2019-03-15,BBCA.JK,9571.34
2019-03-18,BBCA.JK,9624.62
2019-03-19,BBCA.JK,9686.06
2019-03-20,BBCA.JK,9610.99
2019-03-21,BBCA.JK,9641.75
2019-03-22,BBCA.JK,9489.15
2019-03-25,BBCA.JK,9516.37
2019-03-26,BBCA.JK,9398.21
2019-03-27,BBCA.JK,9393.39
2019-03-28,BBCA.JK,9439.8
2019-03-29,BBCA.JK,9402.52
2019-04-01,BBCA.JK,9413.59
2019-04-02,BBCA.JK,9261.05
2019-04-03,BBCA.JK,9183.51
2019-04-04,BBCA.JK,9248.56
2019-04-05,BBCA.JK,9143.63
2019-04-08,BBCA.JK,9204.94
2019-04-09,BBCA.JK,9078.98
2019-04-10,BBCA.JK,8998.41
2019-04-11,BBCA.JK,8901.64
2019-04-12,BBCA.JK,8904.06
2019-04-15,BBCA.JK,8953.42
2019-04-16,BBCA.JK,8859.78
2019-04-17,BBCA.JK,8845.48
2019-04-18,BBCA.JK,8990.72
2019-04-19,BBCA.JK,8963.98
2019-04-22,BBCA.JK,8892.64
2019-04-23,BBCA.JK,8928.8
2019-04-24,BBCA.JK,8910.62
2019-04-25,BBCA.JK,8849.87
2019-04-26,BBCA.JK,8692.72
2019-04-29,BBCA.JK,8765.6
2019-04-30,BBCA.JK,8717.3
2019-05-01,BBCA.JK,8719.11
2019-05-02,BBCA.JK,8628.11
2019-05-03,BBCA.JK,8742.15
2019-05-06,BBCA.JK,8809.28
2019-05-07,BBCA.JK,8897.45
2019-05-08,BBCA.JK,8889.4
2019-05-09,BBCA.JK,8932.78
2019-05-10,BBCA.JK,9014.12
2019-05-13,BBCA.JK,9108.14
2019-05-14,BBCA.JK,9138.41
2019-05-15,BBCA.JK,9134.58
2019-05-16,BBCA.JK,9103.57
2019-05-17,BBCA.JK,9037.24
2019-05-20,BBCA.JK,8951.79
2019-05-21,BBCA.JK,8985.81
2019-05-22,BBCA.JK,8965.64
2019-05-23,BBCA.JK,8788.49
2019-05-24,BBCA.JK,8776.6
2019-05-27,BBCA.JK,8871.73
2019-05-28,BBCA.JK,8849.09
2019-05-29,BBCA.JK,8686.85
2019-05-30,BBCA.JK,8677.79
2019-05-31,BBCA.JK,8747.64
2019-06-03,BBCA.JK,8767.06
2019-06-04,BBCA.JK,8731.29
2019-06-05,BBCA.JK,8894.41
2019-06-06,BBCA.JK,9065.18
2019-06-07,BBCA.JK,9058.07
2019-06-10,BBCA.JK,9133.57
2019-06-11,BBCA.JK,9171.24
2019-06-12,BBCA.JK,9244.74
2019-06-13,BBCA.JK,9380.94
2019-06-14,BBCA.JK,9459.76
2019-06-17,BBCA.JK,9469.95
2019-06-18,BBCA.JK,9409.96
2019-06-19,BBCA.JK,9335.44
2019-06-20,BBCA.JK,9334.92
2019-06-21,BBCA.JK,9444.91
2019-06-24,BBCA.JK,9475.18
2019-06-25,BBCA.JK,9482.1
2019-06-26,BBCA.JK,9508.39
2019-06-27,BBCA.JK,9513.69
2019-06-28,BBCA.JK,9567.66
2019-07-01,BBCA.JK,9462.13
2019-07-02,BBCA.JK,9277.12
2019-07-03,BBCA.JK,9239.54
2019-07-04,BBCA.JK,9135.22
2019-07-05,BBCA.JK,9284.59
2019-07-08,BBCA.JK,9271.73
2019-07-09,BBCA.JK,9250.14
2019-07-10,BBCA.JK,9109.71
2019-07-11,BBCA.JK,9137.23
2019-07-12,BBCA.JK,9082.07
2019-07-15,BBCA.JK,9185.78
2019-07-16,BBCA.JK,9264.89
2019-07-17,BBCA.JK,9194.85
2019-07-18,BBCA.JK,9234.46
2019-07-19,BBCA.JK,8984.9
2019-07-22,BBCA.JK,8926.2
2019-07-23,BBCA.JK,9039.23
2019-07-24,BBCA.JK,9112.47
2019-07-25,BBCA.JK,9130.27
2019-07-26,BBCA.JK,9129.42
2019-07-29,BBCA.JK,9001.65
2019-07-30,BBCA.JK,8881.03
2019-07-31,BBCA.JK,8902.65
2019-08-01,BBCA.JK,9061.27
2019-08-02,BBCA.JK,8866.38
2019-08-05,BBCA.JK,8923.87
2019-08-06,BBCA.JK,8979.31
2019-08-07,BBCA.JK,9066.48
2019-08-08,BBCA.JK,8989.48
2019-08-09,BBCA.JK,8943.72
2019-08-12,BBCA.JK,8949.6
2019-08-13,BBCA.JK,8859.43
2019-08-14,BBCA.JK,8752.29
2019-08-15,BBCA.JK,8676.73
2019-08-16,BBCA.JK,8672.31
2019-08-19,BBCA.JK,8706.48
2019-08-20,BBCA.JK,8706.08
2019-08-21,BBCA.JK,8714.55
2019-08-22,BBCA.JK,8656.69
2019-08-23,BBCA.JK,8596.02
2019-08-26,BBCA.JK,8694.07
2019-08-27,BBCA.JK,8691.05
2019-08-28,BBCA.JK,8685.62
2019-08-29,BBCA.JK,8768.65
2019-08-30,BBCA.JK,8879.01
2019-09-02,BBCA.JK,8993.8
2019-09-03,BBCA.JK,9032.1
2019-09-04,BBCA.JK,9029.36
2019-09-05,BBCA.JK,9057.29
2019-09-06,BBCA.JK,9075.35
2019-09-09,BBCA.JK,9203.99
2019-09-10,BBCA.JK,9232.71
2019-09-11,BBCA.JK,9293.5
2019-09-12,BBCA.JK,9292.76
2019-09-13,BBCA.JK,9422.03
2019-09-16,BBCA.JK,9230.5
2019-09-17,BBCA.JK,9267.47
2019-09-18,BBCA.JK,9339.33
2019-09-19,BBCA.JK,9232.94
2019-09-20,BBCA.JK,9433.32
2019-09-23,BBCA.JK,9421.03
2019-09-24,BBCA.JK,9407.73
2019-09-25,BBCA.JK,9308.07
2019-09-26,BBCA.JK,9391.65
2019-09-27,BBCA.JK,9414.61
2019-09-30,BBCA.JK,9360.79
2019-10-01,BBCA.JK,9383.85
2019-10-02,BBCA.JK,9450.11
2019-10-03,BBCA.JK,9566.82
2019-10-04,BBCA.JK,9589.41
2019-10-07,BBCA.JK,9498.8
2019-10-08,BBCA.JK,9447.83
2019-10-09,BBCA.JK,9232.57
2019-10-10,BBCA.JK,9166.83
2019-10-11,BBCA.JK,9236.18
2019-10-14,BBCA.JK,9281.04
2019-10-15,BBCA.JK,9272.88
2019-10-16,BBCA.JK,9243.07
2019-10-17,BBCA.JK,9391.38
2019-10-18,BBCA.JK,9419.77
2019-10-21,BBCA.JK,9507.33
2019-10-22,BBCA.JK,9546.79
2019-10-23,BBCA.JK,9484.8
2019-10-24,BBCA.JK,9634.22
2019-10-25,BBCA.JK,9516.86
2019-10-28,BBCA.JK,9404.92
2019-10-29,BBCA.JK,9366.44
2019-10-30,BBCA.JK,9299.97
2019-10-31,BBCA.JK,9249.99
2019-11-01,BBCA.JK,9196.34
2019-11-04,BBCA.JK,9288.93
2019-11-05,BBCA.JK,9295.83
2019-11-06,BBCA.JK,9330.4
2019-11-07,BBCA.JK,9184.1
2019-11-08,BBCA.JK,9108.15
2019-11-11,BBCA.JK,9208.76
2019-11-12,BBCA.JK,9099.74
2019-11-13,BBCA.JK,9208.81
2019-11-14,BBCA.JK,9115.74
2019-11-15,BBCA.JK,9144.84
2019-11-18,BBCA.JK,9069.28
2019-11-19,BBCA.JK,9088.92
2019-11-20,BBCA.JK,9008.97
2019-11-21,BBCA.JK,8987.66
2019-11-22,BBCA.JK,9139.78
2019-11-25,BBCA.JK,9107.31
2019-11-26,BBCA.JK,9294.63
2019-11-27,BBCA.JK,9253.84
2019-11-28,BBCA.JK,9146.89
2019-11-29,BBCA.JK,9155.58
2019-12-02,BBCA.JK,9119.97
2019-12-03,BBCA.JK,9281.99
2019-12-04,BBCA.JK,9363.75
2019-12-05,BBCA.JK,9476.24
2019-12-06,BBCA.JK,9537.99
2019-12-09,BBCA.JK,9775.58
2019-12-10,BBCA.JK,9855.19
2019-12-11,BBCA.JK,9909.52
2019-12-12,BBCA.JK,9829.32
2019-12-13,BBCA.JK,9741.9
2019-12-16,BBCA.JK,9761.8
2019-12-17,BBCA.JK,9861.15
2019-12-18,BBCA.JK,9973.27
2019-12-19,BBCA.JK,9881.11
2019-12-20,BBCA.JK,9935.6
2019-12-23,BBCA.JK,9956.8
2019-12-24,BBCA.JK,9847.44
2019-12-25,BBCA.JK,9899.82
2019-12-26,BBCA.JK,9677.02
2019-12-27,BBCA.JK,9704.42
2019-12-30,BBCA.JK,9946.18
2019-12-31,BBCA.JK,9846.73
2020-01-01,BBCA.JK,9850.55
2020-01-02,BBCA.JK,9665.92
2020-01-03,BBCA.JK,9594.88
2020-01-06,BBCA.JK,9669.36
2020-01-07,BBCA.JK,9570.49
2020-01-08,BBCA.JK,9569.13
2020-01-09,BBCA.JK,9537.05
2020-01-10,BBCA.JK,9502.87
2020-01-13,BBCA.JK,9522.89
2020-01-14,BBCA.JK,9570.92
2020-01-15,BBCA.JK,9690.58
2020-01-16,BBCA.JK,9773.24
2020-01-17,BBCA.JK,9719.98
2020-01-20,BBCA.JK,9859.43
2020-01-21,BBCA.JK,9984.48
2020-01-22,BBCA.JK,9830.82
2020-01-23,BBCA.JK,9898.19
2020-01-24,BBCA.JK,9981.89
2020-01-27,BBCA.JK,10080.34
2020-01-28,BBCA.JK,10137.51
2020-01-29,BBCA.JK,10008.04
2020-01-30,BBCA.JK,9983.25
2020-01-31,BBCA.JK,9778.58
2020-02-03,BBCA.JK,9765.09
2020-02-04,BBCA.JK,9965.17
2020-02-05,BBCA.JK,10035.09
2020-02-06,BBCA.JK,10121.01
2020-02-07,BBCA.JK,10071.06
2020-02-10,BBCA.JK,9970.78
2020-02-11,BBCA.JK,9866.06
2020-02-12,BBCA.JK,9880.26
2020-02-13,BBCA.JK,9802.89
2020-02-14,BBCA.JK,9742.35
2020-02-17,BBCA.JK,9855.8
2020-02-18,BBCA.JK,9696.04
2020-02-19,BBCA.JK,9570.58
2020-02-20,BBCA.JK,9523.65
2020-02-21,BBCA.JK,9516.04
2020-02-24,BBCA.JK,9505.62
2020-02-25,BBCA.JK,9374.76
2020-02-26,BBCA.JK,9394.8
2020-02-27,BBCA.JK,9384.53
2020-02-28,BBCA.JK,9419.68
2020-03-02,BBCA.JK,9319.56
2020-03-03,BBCA.JK,9344.25
2020-03-04,BBCA.JK,9366.75
2020-03-05,BBCA.JK,9306.76
2020-03-06,BBCA.JK,9288.29
2020-03-09,BBCA.JK,9238.5
2020-03-10,BBCA.JK,9365.66
2020-03-11,BBCA.JK,9075.36
2020-03-12,BBCA.JK,8945.79
2020-03-13,BBCA.JK,8794.99
2020-03-16,BBCA.JK,8763.49
2020-03-17,BBCA.JK,8705.78
2020-03-18,BBCA.JK,8671.72
2020-03-19,BBCA.JK,8735.81
2020-03-20,BBCA.JK,8594.94
2020-03-23,BBCA.JK,8523.97
2020-03-24,BBCA.JK,8506.66
2020-03-25,BBCA.JK,8406.09
2020-03-26,BBCA.JK,8438.88
2020-03-27,BBCA.JK,8468.41
2020-03-30,BBCA.JK,8409.94
2020-03-31,BBCA.JK,8262.67
2020-04-01,BBCA.JK,8396.6
2020-04-02,BBCA.JK,8437.83
2020-04-03,BBCA.JK,8475.28
2020-04-06,BBCA.JK,8483.1
2020-04-07,BBCA.JK,8484.17
2020-04-08,BBCA.JK,8556.38
2020-04-09,BBCA.JK,8556.75
2020-04-10,BBCA.JK,8504.48
2020-04-13,BBCA.JK,8566.52
2020-04-14,BBCA.JK,8573.35
2020-04-15,BBCA.JK,8508.83
2020-04-16,BBCA.JK,8433.43
2020-04-17,BBCA.JK,8533.4
2020-04-20,BBCA.JK,8588.96
2020-04-21,BBCA.JK,8760.35
2020-04-22,BBCA.JK,8715.97
2020-04-23,BBCA.JK,8652.9
2020-04-24,BBCA.JK,8689.58
2020-04-27,BBCA.JK,8811.19
2020-04-28,BBCA.JK,8865.53
2020-04-29,BBCA.JK,8905.7
2020-04-30,BBCA.JK,9075.53
2020-05-01,BBCA.JK,9009.88
2020-05-04,BBCA.JK,8899.25
2020-05-05,BBCA.JK,8834.76
2020-05-06,BBCA.JK,8808.53
2020-05-07,BBCA.JK,8843.18
2020-05-08,BBCA.JK,8935.32
2020-05-11,BBCA.JK,8973.35
2020-05-12,BBCA.JK,9111.84
2020-05-13,BBCA.JK,9038.26
2020-05-14,BBCA.JK,9212.29
2020-05-15,BBCA.JK,9139.33
2020-05-18,BBCA.JK,9248.16
2020-05-19,BBCA.JK,9163.27
2020-05-20,BBCA.JK,9196.56
2020-05-21,BBCA.JK,9203.08
2020-05-22,BBCA.JK,9252.55
2020-05-25,BBCA.JK,9323.93
2020-05-26,BBCA.JK,9305.91
2020-05-27,BBCA.JK,9301.56
2020-05-28,BBCA.JK,9325.66
2020-05-29,BBCA.JK,9205.82
2020-06-01,BBCA.JK,9140.35
2020-06-02,BBCA.JK,8993.7
2020-06-03,BBCA.JK,8995.97
2020-06-04,BBCA.JK,9197.67
2020-06-05,BBCA.JK,9267.7
2020-06-08,BBCA.JK,9189.34
2020-06-09,BBCA.JK,9126.15
2020-06-10,BBCA.JK,9217.04
2020-06-11,BBCA.JK,9175.16
2020-06-12,BBCA.JK,9029.41
2020-06-15,BBCA.JK,8938.85
2020-06-16,BBCA.JK,8846.4
2020-06-17,BBCA.JK,8757.81
2020-06-18,BBCA.JK,8818.76
2020-06-19,BBCA.JK,8826.76
2020-06-22,BBCA.JK,8697.13
2020-06-23,BBCA.JK,8651.92
2020-06-24,BBCA.JK,8555.17
2020-06-25,BBCA.JK,8453.49
2020-06-26,BBCA.JK,8327.82
2020-06-29,BBCA.JK,8474.98
2020-06-30,BBCA.JK,8450.63
2020-07-01,BBCA.JK,8501.02
2020-07-02,BBCA.JK,8576.57
2020-07-03,BBCA.JK,8545.33
2020-07-06,BBCA.JK,8592.75
2020-07-07,BBCA.JK,8640.92
2020-07-08,BBCA.JK,8661.87
2020-07-09,BBCA.JK,8851.53
2020-07-10,BBCA.JK,8878.43
2020-07-13,BBCA.JK,8859.92
2020-07-14,BBCA.JK,8918.94
2020-07-15,BBCA.JK,9079.3
2020-07-16,BBCA.JK,9171.39
2020-07-17,BBCA.JK,9129.36
2020-07-20,BBCA.JK,9052.78
2020-07-21,BBCA.JK,8970.33
2020-07-22,BBCA.JK,8912.75
2020-07-23,BBCA.JK,8948.98
2020-07-24,BBCA.JK,9026.47
2020-07-27,BBCA.JK,8823.38
2020-07-28,BBCA.JK,8823.5
2020-07-29,BBCA.JK,8727.76
2020-07-30,BBCA.JK,8789.11
2020-07-31,BBCA.JK,8871.25
2020-08-03,BBCA.JK,8803.97
2020-08-04,BBCA.JK,8766.17
2020-08-05,BBCA.JK,8684.5
2020-08-06,BBCA.JK,8720.2
2020-08-07,BBCA.JK,8581.55
2020-08-10,BBCA.JK,8486.68
2020-08-11,BBCA.JK,8430.27
2020-08-12,BBCA.JK,8535.36
2020-08-13,BBCA.JK,8742.12
2020-08-14,BBCA.JK,8745.62
2020-08-17,BBCA.JK,8639.66
2020-08-18,BBCA.JK,8647.79
2020-08-19,BBCA.JK,8574.37
2020-08-20,BBCA.JK,8615.51
2020-08-21,BBCA.JK,8521.28
2020-08-24,BBCA.JK,8491.5
2020-08-25,BBCA.JK,8492.0
2020-08-26,BBCA.JK,8537.85
2020-08-27,BBCA.JK,8533.0
2020-08-28,BBCA.JK,8642.72
2020-08-31,BBCA.JK,8655.19
2020-09-01,BBCA.JK,8499.93
2020-09-02,BBCA.JK,8580.17
2020-09-03,BBCA.JK,8556.91
2020-09-04,BBCA.JK,8501.31
2020-09-07,BBCA.JK,8631.19
2020-09-08,BBCA.JK,8547.15
2020-09-09,BBCA.JK,8555.07
2020-09-10,BBCA.JK,8495.79
2020-09-11,BBCA.JK,8612.39
2020-09-14,BBCA.JK,8582.76
2020-09-15,BBCA.JK,8604.7
2020-09-16,BBCA.JK,8486.62
2020-09-17,BBCA.JK,8610.08
2020-09-18,BBCA.JK,8519.72
2020-09-21,BBCA.JK,8598.99
2020-09-22,BBCA.JK,8696.48
2020-09-23,BBCA.JK,8805.38
2020-09-24,BBCA.JK,8966.88
2020-09-25,BBCA.JK,8863.7
2020-09-28,BBCA.JK,8901.1
2020-09-29,BBCA.JK,8915.16
2020-09-30,BBCA.JK,8954.38
2020-10-01,BBCA.JK,9054.52
2020-10-02,BBCA.JK,9066.23
2020-10-05,BBCA.JK,8993.98
2020-10-06,BBCA.JK,8987.04
2020-10-07,BBCA.JK,9127.16
2020-10-08,BBCA.JK,9021.38
2020-10-09,BBCA.JK,9030.37
2020-10-12,BBCA.JK,8943.57
2020-10-13,BBCA.JK,9044.52
2020-10-14,BBCA.JK,8897.23
2020-10-15,BBCA.JK,8868.67
2020-10-16,BBCA.JK,8859.43
2020-10-19,BBCA.JK,8871.56
2020-10-20,BBCA.JK,9082.81
2020-10-21,BBCA.JK,9225.88
2020-10-22,BBCA.JK,9132.71
2020-10-23,BBCA.JK,9331.75
2020-10-26,BBCA.JK,9222.33
2020-10-27,BBCA.JK,9051.63
2020-10-28,BBCA.JK,8917.81
2020-10-29,BBCA.JK,8937.73
2020-10-30,BBCA.JK,8987.33
2020-11-02,BBCA.JK,8790.41
2020-11-03,BBCA.JK,8830.49
2020-11-04,BBCA.JK,8808.67
2020-11-05,BBCA.JK,8872.66
2020-11-06,BBCA.JK,8840.31
2020-11-09,BBCA.JK,8921.64
2020-11-10,BBCA.JK,8973.78
2020-11-11,BBCA.JK,8870.34
2020-11-12,BBCA.JK,9000.34
2020-11-13,BBCA.JK,9021.26
2020-11-16,BBCA.JK,9088.93
2020-11-17,BBCA.JK,9205.43
2020-11-18,BBCA.JK,9117.54
2020-11-19,BBCA.JK,9111.63
2020-11-20,BBCA.JK,9038.59
2020-11-23,BBCA.JK,8955.22
2020-11-24,BBCA.JK,8980.83
2020-11-25,BBCA.JK,9013.14
2020-11-26,BBCA.JK,9134.94
2020-11-27,BBCA.JK,9263.34
2020-11-30,BBCA.JK,9263.21
2020-12-01,BBCA.JK,9187.53
2020-12-02,BBCA.JK,9483.43
2020-12-03,BBCA.JK,9689.02
2020-12-04,BBCA.JK,9680.62
2020-12-07,BBCA.JK,9592.51
2020-12-08,BBCA.JK,9553.79
2020-12-09,BBCA.JK,9582.54
2020-12-10,BBCA.JK,9692.89
2020-12-11,BBCA.JK,9788.79
2020-12-14,BBCA.JK,9833.37
2020-12-15,BBCA.JK,9811.04
2020-12-16,BBCA.JK,9829.5
2020-12-17,BBCA.JK,9800.93
2020-12-18,BBCA.JK,9809.84
2020-12-21,BBCA.JK,9801.67
2020-12-22,BBCA.JK,9855.12
2020-12-23,BBCA.JK,9671.55
2020-12-24,BBCA.JK,9640.05
2020-12-25,BBCA.JK,9613.9
2020-12-28,BBCA.JK,9507.12
2020-12-29,BBCA.JK,9492.6
2020-12-30,BBCA.JK,9394.49
2020-12-31,BBCA.JK,9333.94
2021-01-01,BBCA.JK,9308.77
2021-01-04,BBCA.JK,9287.06
2021-01-05,BBCA.JK,9235.63
2021-01-06,BBCA.JK,9339.39
2021-01-07,BBCA.JK,9360.05
2021-01-08,BBCA.JK,9392.09
2021-01-11,BBCA.JK,9415.86
2021-01-12,BBCA.JK,9354.84
2021-01-13,BBCA.JK,9274.09
2021-01-14,BBCA.JK,9353.81
2021-01-15,BBCA.JK,9322.66
2021-01-18,BBCA.JK,9159.4
2021-01-19,BBCA.JK,8959.84
2021-01-20,BBCA.JK,8981.5
2021-01-21,BBCA.JK,8917.1
2021-01-22,BBCA.JK,8912.85
2021-01-25,BBCA.JK,8865.86
2021-01-26,BBCA.JK,8831.51
2021-01-27,BBCA.JK,8818.02
2021-01-28,BBCA.JK,8709.79
2021-01-29,BBCA.JK,8709.9
2021-02-01,BBCA.JK,8797.53
2021-02-02,BBCA.JK,8860.49
2021-02-03,BBCA.JK,8708.12
2021-02-04,BBCA.JK,8593.03
2021-02-05,BBCA.JK,8480.22
2021-02-08,BBCA.JK,8460.88
2021-02-09,BBCA.JK,8534.9
2021-02-10,BBCA.JK,8564.17
2021-02-11,BBCA.JK,8415.7
2021-02-12,BBCA.JK,8422.0
2021-02-15,BBCA.JK,8491.69
2021-02-16,BBCA.JK,8455.26
2021-02-17,BBCA.JK,8617.95
2021-02-18,BBCA.JK,8563.53
2021-02-19,BBCA.JK,8665.65
2021-02-22,BBCA.JK,8871.13
2021-02-23,BBCA.JK,8759.67
2021-02-24,BBCA.JK,8733.07
2021-02-25,BBCA.JK,8785.01
2021-02-26,BBCA.JK,9068.89
2021-03-01,BBCA.JK,8908.51
2021-03-02,BBCA.JK,8960.72
2021-03-03,BBCA.JK,8988.03
2021-03-04,BBCA.JK,8951.86
2021-03-05,BBCA.JK,8878.92
2021-03-08,BBCA.JK,8834.0
2021-03-09,BBCA.JK,8808.99
2021-03-10,BBCA.JK,8698.89
2021-03-11,BBCA.JK,8837.68
2021-03-12,BBCA.JK,8741.49
2021-03-15,BBCA.JK,8705.87
2021-03-16,BBCA.JK,8650.02
2021-03-17,BBCA.JK,8616.0
2021-03-18,BBCA.JK,8625.74
2021-03-19,BBCA.JK,8562.11
2021-03-22,BBCA.JK,8543.61
2021-03-23,BBCA.JK,8692.65
2021-03-24,BBCA.JK,8786.2
2021-03-25,BBCA.JK,8762.65
2021-03-26,BBCA.JK,8843.89
2021-03-29,BBCA.JK,8777.7
2021-03-30,BBCA.JK,8799.29
2021-03-31,BBCA.JK,8675.34
2021-04-01,BBCA.JK,8577.82
2021-04-02,BBCA.JK,8505.21
2021-04-05,BBCA.JK,8612.16
2021-04-06,BBCA.JK,8633.75
2021-04-07,BBCA.JK,8682.77
2021-04-08,BBCA.JK,8697.68
2021-04-09,BBCA.JK,8731.33
2021-04-12,BBCA.JK,8769.7
2021-04-13,BBCA.JK,8838.57
2021-04-14,BBCA.JK,8854.59
2021-04-15,BBCA.JK,8775.25
2021-04-16,BBCA.JK,8707.6
2021-04-19,BBCA.JK,8815.07
2021-04-20,BBCA.JK,8941.28
2021-04-21,BBCA.JK,8993.08
2021-04-22,BBCA.JK,8846.96
2021-04-23,BBCA.JK,8988.08
2021-04-26,BBCA.JK,9018.9
2021-04-27,BBCA.JK,9013.99
2021-04-28,BBCA.JK,9017.56
2021-04-29,BBCA.JK,8985.76
2021-04-30,BBCA.JK,9145.55
2021-05-03,BBCA.JK,9301.27
2021-05-04,BBCA.JK,9204.09
2021-05-05,BBCA.JK,9188.46
2021-05-06,BBCA.JK,9218.18
2021-05-07,BBCA.JK,9337.62
2021-05-10,BBCA.JK,9112.62
2021-05-11,BBCA.JK,9199.24
2021-05-12,BBCA.JK,9354.51
2021-05-13,BBCA.JK,9325.13
2021-05-14,BBCA.JK,9322.19
2021-05-17,BBCA.JK,9439.96
2021-05-18,BBCA.JK,9476.49
2021-05-19,BBCA.JK,9350.82
2021-05-20,BBCA.JK,9242.17
2021-05-21,BBCA.JK,9147.44
2021-05-24,BBCA.JK,9018.24
2021-05-25,BBCA.JK,9018.24
2021-05-26,BBCA.JK,8971.87
2021-05-27,BBCA.JK,8976.07
2021-05-28,BBCA.JK,9040.05
2021-05-31,BBCA.JK,9202.28
2021-06-01,BBCA.JK,9222.72
2021-06-02,BBCA.JK,9051.1
2021-06-03,BBCA.JK,9177.71
2021-06-04,BBCA.JK,9167.28
2021-06-07,BBCA.JK,9274.69
2021-06-08,BBCA.JK,9233.28
2021-06-09,BBCA.JK,9261.78
2021-06-10,BBCA.JK,9249.63
2021-06-11,BBCA.JK,9247.58
2021-06-14,BBCA.JK,9366.15
2021-06-15,BBCA.JK,9305.02
2021-06-16,BBCA.JK,9320.61
2021-06-17,BBCA.JK,9341.47
2021-06-18,BBCA.JK,9305.39
2021-06-21,BBCA.JK,9100.49
2021-06-22,BBCA.JK,9132.5
2021-06-23,BBCA.JK,8873.09
2021-06-24,BBCA.JK,8739.69
2021-06-25,BBCA.JK,8699.66
2021-06-28,BBCA.JK,8737.3
2021-06-29,BBCA.JK,8813.0
2021-06-30,BBCA.JK,8886.33
2021-07-01,BBCA.JK,8939.71
2021-07-02,BBCA.JK,8907.43
2021-07-05,BBCA.JK,9016.19
2021-07-06,BBCA.JK,8992.4
2021-07-07,BBCA.JK,9093.76
2021-07-08,BBCA.JK,8890.41
2021-07-09,BBCA.JK,8805.79
2021-07-12,BBCA.JK,8755.34
2021-07-13,BBCA.JK,8755.51
2021-07-14,BBCA.JK,8546.01
2021-07-15,BBCA.JK,8616.02
2021-07-16,BBCA.JK,8701.85
2021-07-19,BBCA.JK,8770.86
2021-07-20,BBCA.JK,8725.85
2021-07-21,BBCA.JK,8853.37
2021-07-22,BBCA.JK,8805.21
2021-07-23,BBCA.JK,8885.65
2021-07-26,BBCA.JK,8880.83
2021-07-27,BBCA.JK,8879.53
2021-07-28,BBCA.JK,8866.14
2021-07-29,BBCA.JK,8864.67
2021-07-30,BBCA.JK,8963.78
2021-08-02,BBCA.JK,9093.42
2021-08-03,BBCA.JK,9223.89
2021-08-04,BBCA.JK,9308.23
2021-08-05,BBCA.JK,9370.94
2021-08-06,BBCA.JK,9413.78
2021-08-09,BBCA.JK,9580.06
2021-08-10,BBCA.JK,9538.19
2021-08-11,BBCA.JK,9478.16
2021-08-12,BBCA.JK,9483.18
2021-08-13,BBCA.JK,9325.28
2021-08-16,BBCA.JK,9303.59
2021-08-17,BBCA.JK,9298.57
2021-08-18,BBCA.JK,9203.33
2021-08-19,BBCA.JK,9150.61
2021-08-20,BBCA.JK,9214.68
2021-08-23,BBCA.JK,9193.86
2021-08-24,BBCA.JK,9201.27
2021-08-25,BBCA.JK,9296.93
2021-08-26,BBCA.JK,9240.22
2021-08-27,BBCA.JK,9134.84
2021-08-30,BBCA.JK,9131.48
2021-08-31,BBCA.JK,9170.68
2021-09-01,BBCA.JK,9004.72
2021-09-02,BBCA.JK,9064.32
2021-09-03,BBCA.JK,9036.25
2021-09-06,BBCA.JK,8999.27
2021-09-07,BBCA.JK,8922.15
2021-09-08,BBCA.JK,8906.13
2021-09-09,BBCA.JK,8992.54
2021-09-10,BBCA.JK,9040.55
2021-09-13,BBCA.JK,9114.49
2021-09-14,BBCA.JK,9081.84
2021-09-15,BBCA.JK,9227.36
2021-09-16,BBCA.JK,9345.99
2021-09-17,BBCA.JK,9345.08
2021-09-20,BBCA.JK,9100.26
2021-09-21,BBCA.JK,9106.73
2021-09-22,BBCA.JK,9358.79
2021-09-23,BBCA.JK,9354.66
2021-09-24,BBCA.JK,9260.15
2021-09-27,BBCA.JK,9419.35
2021-09-28,BBCA.JK,9362.48
2021-09-29,BBCA.JK,9409.99
2021-09-30,BBCA.JK,9483.3
2021-10-01,BBCA.JK,9344.87
2021-10-04,BBCA.JK,9358.07
2021-10-05,BBCA.JK,9471.17
2021-10-06,BBCA.JK,9441.49
2021-10-07,BBCA.JK,9504.66
2021-10-08,BBCA.JK,9504.01
2021-10-11,BBCA.JK,9603.33
2021-10-12,BBCA.JK,9782.74
2021-10-13,BBCA.JK,9676.79
2021-10-14,BBCA.JK,9650.63
2021-10-15,BBCA.JK,9690.35
2021-10-18,BBCA.JK,9630.73
2021-10-19,BBCA.JK,9552.72
2021-10-20,BBCA.JK,9521.22
2021-10-21,BBCA.JK,9497.13
2021-10-22,BBCA.JK,9436.54
2021-10-25,BBCA.JK,9469.27
2021-10-26,BBCA.JK,9547.53
2021-10-27,BBCA.JK,9620.6
2021-10-28,BBCA.JK,9687.88
2021-10-29,BBCA.JK,9805.35
2021-11-01,BBCA.JK,9673.29
2021-11-02,BBCA.JK,9663.94
2021-11-03,BBCA.JK,9684.14
2021-11-04,BBCA.JK,9736.99
2021-11-05,BBCA.JK,9581.58
2021-11-08,BBCA.JK,9763.7
2021-11-09,BBCA.JK,9678.7
2021-11-10,BBCA.JK,9706.19
2021-11-11,BBCA.JK,9779.69
2021-11-12,BBCA.JK,9887.94
2021-11-15,BBCA.JK,9822.04
2021-11-16,BBCA.JK,9770.79
2021-11-17,BBCA.JK,9809.01
2021-11-18,BBCA.JK,9868.6
2021-11-19,BBCA.JK,9960.6
2021-11-22,BBCA.JK,9957.03
2021-11-23,BBCA.JK,9889.93
2021-11-24,BBCA.JK,9759.91
2021-11-25,BBCA.JK,9932.31
2021-11-26,BBCA.JK,9797.89
2021-11-29,BBCA.JK,9868.55
2021-11-30,BBCA.JK,9898.17
2021-12-01,BBCA.JK,9975.81
2021-12-02,BBCA.JK,10073.22
2021-12-03,BBCA.JK,10211.49
2021-12-06,BBCA.JK,10207.83
2021-12-07,BBCA.JK,10250.72
2021-12-08,BBCA.JK,10052.74
2021-12-09,BBCA.JK,10059.65
2021-12-10,BBCA.JK,9970.68
2021-12-13,BBCA.JK,9957.69
2021-12-14,BBCA.JK,10083.3
2021-12-15,BBCA.JK,10096.48
2021-12-16,BBCA.JK,10209.07
2021-12-17,BBCA.JK,10191.03
2021-12-20,BBCA.JK,10234.29
2021-12-21,BBCA.JK,10194.48
2021-12-22,BBCA.JK,9937.44
2021-12-23,BBCA.JK,9868.97
2021-12-24,BBCA.JK,9845.12
2021-12-27,BBCA.JK,9863.1
2021-12-28,BBCA.JK,9865.87
2021-12-29,BBCA.JK,9855.93
2021-12-30,BBCA.JK,9951.95
2021-12-31,BBCA.JK,10016.8
2022-01-03,BBCA.JK,9979.58
2022-01-04,BBCA.JK,10069.26
2022-01-05,BBCA.JK,9871.94
2022-01-06,BBCA.JK,9846.69
2022-01-07,BBCA.JK,9834.85
2022-01-10,BBCA.JK,9965.72
2022-01-11,BBCA.JK,9915.05
2022-01-12,BBCA.JK,9771.89
2022-01-13,BBCA.JK,9791.99
2022-01-14,BBCA.JK,9960.66
2022-01-17,BBCA.JK,9942.77
2022-01-18,BBCA.JK,9935.93
2022-01-19,BBCA.JK,9918.58
2022-01-20,BBCA.JK,9926.78
2022-01-21,BBCA.JK,10059.24
2022-01-24,BBCA.JK,10259.95
2022-01-25,BBCA.JK,10311.58
2022-01-26,BBCA.JK,10304.18
2022-01-27,BBCA.JK,10498.55
2022-01-28,BBCA.JK,10512.45
2022-01-31,BBCA.JK,10522.92
2022-02-01,BBCA.JK,10488.85
2022-02-02,BBCA.JK,10459.36
2022-02-03,BBCA.JK,10488.16
2022-02-04,BBCA.JK,10461.66
2022-02-07,BBCA.JK,10509.07
2022-02-08,BBCA.JK,10522.43
2022-02-09,BBCA.JK,10584.65
2022-02-10,BBCA.JK,10548.05
2022-02-11,BBCA.JK,10530.74
2022-02-14,BBCA.JK,10560.19
2022-02-15,BBCA.JK,10571.22
2022-02-16,BBCA.JK,10585.62
2022-02-17,BBCA.JK,10713.3
2022-02-18,BBCA.JK,10602.33
2022-02-21,BBCA.JK,10400.32
2022-02-22,BBCA.JK,10479.47
2022-02-23,BBCA.JK,10457.92
2022-02-24,BBCA.JK,10602.83
2022-02-25,BBCA.JK,10597.61
2022-02-28,BBCA.JK,10477.54
2022-03-01,BBCA.JK,10711.16
2022-03-02,BBCA.JK,10757.91
2022-03-03,BBCA.JK,10713.12
2022-03-04,BBCA.JK,10636.41
2022-03-07,BBCA.JK,10699.95
2022-03-08,BBCA.JK,10631.32
2022-03-09,BBCA.JK,10676.47
2022-03-10,BBCA.JK,10804.47
2022-03-11,BBCA.JK,10658.12
2022-03-14,BBCA.JK,10623.77
2022-03-15,BBCA.JK,10678.29
2022-03-16,BBCA.JK,10859.2
2022-03-17,BBCA.JK,10963.8
2022-03-18,BBCA.JK,10917.58
2022-03-21,BBCA.JK,11080.78
2022-03-22,BBCA.JK,11044.68
2022-03-23,BBCA.JK,11030.32
2022-03-24,BBCA.JK,11075.53
2022-03-25,BBCA.JK,10957.79
2022-03-28,BBCA.JK,11298.08
2022-03-29,BBCA.JK,11436.92
2022-03-30,BBCA.JK,11465.53
2022-03-31,BBCA.JK,11403.87
2022-04-01,BBCA.JK,11275.18
2022-04-04,BBCA.JK,11320.5
2022-04-05,BBCA.JK,11402.5
2022-04-06,BBCA.JK,11360.44
2022-04-07,BBCA.JK,11341.63
2022-04-08,BBCA.JK,11408.13
2022-04-11,BBCA.JK,11404.55
2022-04-12,BBCA.JK,11196.27
2022-04-13,BBCA.JK,11274.05
2022-04-14,BBCA.JK,11304.72
2022-04-15,BBCA.JK,11390.41
2022-04-18,BBCA.JK,11307.55
2022-04-19,BBCA.JK,11070.4
2022-04-20,BBCA.JK,10935.26
2022-04-21,BBCA.JK,10970.83
2022-04-22,BBCA.JK,11201.83
2022-04-25,BBCA.JK,11468.38
2022-04-26,BBCA.JK,11506.17
2022-04-27,BBCA.JK,11341.48
2022-04-28,BBCA.JK,11306.32
2022-04-29,BBCA.JK,11359.78
2022-05-02,BBCA.JK,11412.3
2022-05-03,BBCA.JK,11426.04
2022-05-04,BBCA.JK,11581.95
2022-05-05,BBCA.JK,11480.78
2022-05-06,BBCA.JK,11235.01
2022-05-09,BBCA.JK,11139.26
2022-05-10,BBCA.JK,11012.64
2022-05-11,BBCA.JK,11261.34
2022-05-12,BBCA.JK,11243.2
2022-05-13,BBCA.JK,11085.42
2022-05-16,BBCA.JK,11156.57
2022-05-17,BBCA.JK,11271.65
2022-05-18,BBCA.JK,11280.45
2022-05-19,BBCA.JK,11304.98
2022-05-20,BBCA.JK,11423.5
2022-05-23,BBCA.JK,11485.11
2022-05-24,BBCA.JK,11407.58
2022-05-25,BBCA.JK,11477.59
2022-05-26,BBCA.JK,11586.99
2022-05-27,BBCA.JK,11629.45
2022-05-30,BBCA.JK,11733.81
2022-05-31,BBCA.JK,11805.26
2022-06-01,BBCA.JK,11780.2
2022-06-02,BBCA.JK,11765.74
2022-06-03,BBCA.JK,11840.75
2022-06-06,BBCA.JK,11778.01
2022-06-07,BBCA.JK,11916.44
2022-06-08,BBCA.JK,12064.45
2022-06-09,BBCA.JK,11822.09
2022-06-10,BBCA.JK,11816.56
2022-06-13,BBCA.JK,11730.54
2022-06-14,BBCA.JK,11658.82
2022-06-15,BBCA.JK,11678.36
2022-06-16,BBCA.JK,11661.23
2022-06-17,BBCA.JK,11729.71
2022-06-20,BBCA.JK,11770.06
2022-06-21,BBCA.JK,11816.29
2022-06-22,BBCA.JK,11726.37
2022-06-23,BBCA.JK,11688.11
2022-06-24,BBCA.JK,11861.17
2022-06-27,BBCA.JK,11569.67
2022-06-28,BBCA.JK,11770.92
2022-06-29,BBCA.JK,11707.44
2022-06-30,BBCA.JK,11848.05
2022-07-01,BBCA.JK,11543.14
2022-07-04,BBCA.JK,11497.29
2022-07-05,BBCA.JK,11597.3
2022-07-06,BBCA.JK,11617.15
2022-07-07,BBCA.JK,11737.62
2022-07-08,BBCA.JK,11637.42
2022-07-11,BBCA.JK,11574.77
2022-07-12,BBCA.JK,11501.52
2022-07-13,BBCA.JK,11562.33
2022-07-14,BBCA.JK,11618.24
2022-07-15,BBCA.JK,11606.45
2022-07-18,BBCA.JK,11578.26
2022-07-19,BBCA.JK,11546.9
2022-07-20,BBCA.JK,11559.39
2022-07-21,BBCA.JK,11452.22
2022-07-22,BBCA.JK,11448.12
2022-07-25,BBCA.JK,11434.08
2022-07-26,BBCA.JK,11374.76
2022-07-27,BBCA.JK,11312.33
2022-07-28,BBCA.JK,11481.83
2022-07-29,BBCA.JK,11413.72
2022-08-01,BBCA.JK,11463.16
2022-08-02,BBCA.JK,11622.38
2022-08-03,BBCA.JK,11710.88
2022-08-04,BBCA.JK,11715.71
2022-08-05,BBCA.JK,11836.94
2022-08-08,BBCA.JK,11670.69
2022-08-09,BBCA.JK,11529.5
2022-08-10,BBCA.JK,11486.21
2022-08-11,BBCA.JK,11463.33
2022-08-12,BBCA.JK,11454.78
2022-08-15,BBCA.JK,11672.5
2022-08-16,BBCA.JK,11871.99
2022-08-17,BBCA.JK,11869.95
2022-08-18,BBCA.JK,11902.72
2022-08-19,BBCA.JK,11797.23
2022-08-22,BBCA.JK,11837.31
2022-08-23,BBCA.JK,11680.89
2022-08-24,BBCA.JK,11846.79
2022-08-25,BBCA.JK,11787.77
2022-08-26,BBCA.JK,11855.94
2022-08-29,BBCA.JK,11703.54
2022-08-30,BBCA.JK,11868.79
2022-08-31,BBCA.JK,11943.82
2022-09-01,BBCA.JK,12180.34
2022-09-02,BBCA.JK,12191.16
2022-09-05,BBCA.JK,11996.19
2022-09-06,BBCA.JK,11904.58
2022-09-07,BBCA.JK,11757.56
2022-09-08,BBCA.JK,11945.55
2022-09-09,BBCA.JK,11873.4
2022-09-12,BBCA.JK,11786.48
2022-09-13,BBCA.JK,11859.09
2022-09-14,BBCA.JK,11893.12
2022-09-15,BBCA.JK,11954.17
2022-09-16,BBCA.JK,11896.61
2022-09-19,BBCA.JK,11661.33
2022-09-20,BBCA.JK,11505.22
2022-09-21,BBCA.JK,11254.91
2022-09-22,BBCA.JK,11401.36
2022-09-23,BBCA.JK,11507.47
2022-09-26,BBCA.JK,11466.77
2022-09-27,BBCA.JK,11540.68
2022-09-28,BBCA.JK,11620.77
2022-09-29,BBCA.JK,11697.12
2022-09-30,BBCA.JK,11761.8
2022-10-03,BBCA.JK,11868.24
2022-10-04,BBCA.JK,11880.49
2022-10-05,BBCA.JK,11619.15
2022-10-06,BBCA.JK,11299.95
2022-10-07,BBCA.JK,11445.29
2022-10-10,BBCA.JK,11516.08
2022-10-11,BBCA.JK,11228.97
2022-10-12,BBCA.JK,11250.93
2022-10-13,BBCA.JK,11154.41
2022-10-14,BBCA.JK,11095.62
2022-10-17,BBCA.JK,10808.96
2022-10-18,BBCA.JK,10894.68
2022-10-19,BBCA.JK,10887.77
2022-10-20,BBCA.JK,10979.06
2022-10-21,BBCA.JK,11101.03
2022-10-24,BBCA.JK,11246.61
2022-10-25,BBCA.JK,11434.6
2022-10-26,BBCA.JK,11470.49
2022-10-27,BBCA.JK,11497.92
2022-10-28,BBCA.JK,11426.88
2022-10-31,BBCA.JK,11489.83
2022-11-01,BBCA.JK,11464.87
2022-11-02,BBCA.JK,11332.26
2022-11-03,BBCA.JK,11471.09
2022-11-04,BBCA.JK,11555.73
2022-11-07,BBCA.JK,11247.62
2022-11-08,BBCA.JK,11040.07
2022-11-09,BBCA.JK,11018.28
2022-11-10,BBCA.JK,10872.53
2022-11-11,BBCA.JK,11009.13
2022-11-14,BBCA.JK,11032.2
2022-11-15,BBCA.JK,11098.41
2022-11-16,BBCA.JK,11206.19
2022-11-17,BBCA.JK,11360.42
2022-11-18,BBCA.JK,11332.59
2022-11-21,BBCA.JK,11407.54
2022-11-22,BBCA.JK,11440.46
2022-11-23,BBCA.JK,11536.42
2022-11-24,BBCA.JK,11605.01
2022-11-25,BBCA.JK,11775.34
2022-11-28,BBCA.JK,11843.26
2022-11-29,BBCA.JK,11790.47
2022-11-30,BBCA.JK,11809.06
2022-12-01,BBCA.JK,11678.52
2022-12-02,BBCA.JK,11720.43
2022-12-05,BBCA.JK,11903.04
2022-12-06,BBCA.JK,11835.03
2022-12-07,BBCA.JK,11642.65
2022-12-08,BBCA.JK,11637.67
2022-12-09,BBCA.JK,11582.81
2022-12-12,BBCA.JK,11587.03
2022-12-13,BBCA.JK,11522.4
2022-12-14,BBCA.JK,11535.85
2022-12-15,BBCA.JK,11422.0
2022-12-16,BBCA.JK,11604.89
2022-12-19,BBCA.JK,11582.84
2022-12-20,BBCA.JK,11647.21
2022-12-21,BBCA.JK,11740.82
2022-12-22,BBCA.JK,11727.3
2022-12-23,BBCA.JK,11785.29
2022-12-26,BBCA.JK,11760.55
2022-12-27,BBCA.JK,11712.2
2022-12-28,BBCA.JK,11690.41
2022-12-29,BBCA.JK,11752.48
2022-12-30,BBCA.JK,11607.18
2023-01-02,BBCA.JK,11505.85
2023-01-03,BBCA.JK,11417.39
2023-01-04,BBCA.JK,11356.87
2023-01-05,BBCA.JK,11493.62
2023-01-06,BBCA.JK,11494.58
2023-01-09,BBCA.JK,11463.8
2023-01-10,BBCA.JK,11485.05
2023-01-11,BBCA.JK,11612.2
2023-01-12,BBCA.JK,11529.51
2023-01-13,BBCA.JK,11652.96
2023-01-16,BBCA.JK,11384.95
2023-01-17,BBCA.JK,11288.35
2023-01-18,BBCA.JK,11460.75
2023-01-19,BBCA.JK,11645.23
2023-01-20,BBCA.JK,11673.47
2023-01-23,BBCA.JK,11629.42
2023-01-24,BBCA.JK,11731.83
2023-01-25,BBCA.JK,11689.73
2023-01-26,BBCA.JK,11877.86
2023-01-27,BBCA.JK,12025.67
2023-01-30,BBCA.JK,12125.44
2023-01-31,BBCA.JK,12029.77
2023-02-01,BBCA.JK,12154.52
2023-02-02,BBCA.JK,12131.55
2023-02-03,BBCA.JK,12110.69
2023-02-06,BBCA.JK,12067.09
2023-02-07,BBCA.JK,12060.59
2023-02-08,BBCA.JK,12129.14
2023-02-09,BBCA.JK,12240.51
2023-02-10,BBCA.JK,12353.24
2023-02-13,BBCA.JK,12783.38
2023-02-14,BBCA.JK,12748.93
2023-02-15,BBCA.JK,12907.1
2023-02-16,BBCA.JK,12831.28
2023-02-17,BBCA.JK,12816.45
2023-02-20,BBCA.JK,12677.12
2023-02-21,BBCA.JK,12841.72
2023-02-22,BBCA.JK,12886.06
2023-02-23,BBCA.JK,12913.99
2023-02-24,BBCA.JK,12910.01
2023-02-27,BBCA.JK,13041.11
2023-02-28,BBCA.JK,12987.52
2023-03-01,BBCA.JK,13051.5
2023-03-02,BBCA.JK,13393.68
2023-03-03,BBCA.JK,13387.02
2023-03-06,BBCA.JK,13315.66
2023-03-07,BBCA.JK,13192.99
2023-03-08,BBCA.JK,13313.52
2023-03-09,BBCA.JK,13335.57
2023-03-10,BBCA.JK,13247.86
2023-03-13,BBCA.JK,13150.15
2023-03-14,BBCA.JK,13167.19
2023-03-15,BBCA.JK,13047.85
2023-03-16,BBCA.JK,13335.95
2023-03-17,BBCA.JK,13323.56
2023-03-20,BBCA.JK,13313.07
2023-03-21,BBCA.JK,13314.19
2023-03-22,BBCA.JK,13085.22
2023-03-23,BBCA.JK,12907.77
2023-03-24,BBCA.JK,12873.84
2023-03-27,BBCA.JK,12883.67
2023-03-28,BBCA.JK,12736.44
2023-03-29,BBCA.JK,12966.41
2023-03-30,BBCA.JK,13039.1
2023-03-31,BBCA.JK,13221.76
2023-04-03,BBCA.JK,13390.93
2023-04-04,BBCA.JK,13374.47
2023-04-05,BBCA.JK,13715.6
2023-04-06,BBCA.JK,13746.71
2023-04-07,BBCA.JK,13500.44
2023-04-10,BBCA.JK,13197.55
2023-04-11,BBCA.JK,13211.57
2023-04-12,BBCA.JK,13340.9
2023-04-13,BBCA.JK,13364.21
2023-04-14,BBCA.JK,13610.92
2023-04-17,BBCA.JK,13584.12
2023-04-18,BBCA.JK,13675.28
2023-04-19,BBCA.JK,13790.46
2023-04-20,BBCA.JK,13662.18
2023-04-21,BBCA.JK,13718.51
2023-04-24,BBCA.JK,13783.02
2023-04-25,BBCA.JK,13948.76
2023-04-26,BBCA.JK,14132.69
2023-04-27,BBCA.JK,14287.0
2023-04-28,BBCA.JK,14192.63
2023-05-01,BBCA.JK,14311.72
2023-05-02,BBCA.JK,14480.25
2023-05-03,BBCA.JK,14500.09
2023-05-04,BBCA.JK,14623.91
2023-05-05,BBCA.JK,14751.46
2023-05-08,BBCA.JK,14941.23
2023-05-09,BBCA.JK,14967.57
2023-05-10,BBCA.JK,15053.9
2023-05-11,BBCA.JK,15098.41
2023-05-12,BBCA.JK,15123.14
2023-05-15,BBCA.JK,15044.6
2023-05-16,BBCA.JK,15008.63
2023-05-17,BBCA.JK,14854.31
2023-05-18,BBCA.JK,14839.01
2023-05-19,BBCA.JK,14955.15
2023-05-22,BBCA.JK,15061.73
2023-05-23,BBCA.JK,15188.44
2023-05-24,BBCA.JK,15185.36
2023-05-25,BBCA.JK,15410.61
2023-05-26,BBCA.JK,15354.11
2023-05-29,BBCA.JK,15485.82
2023-05-30,BBCA.JK,15564.46
2023-05-31,BBCA.JK,15462.32
2023-06-01,BBCA.JK,15367.23
2023-06-02,BBCA.JK,15495.89
2023-06-05,BBCA.JK,15515.73
2023-06-06,BBCA.JK,15571.89
2023-06-07,BBCA.JK,16064.81
2023-06-08,BBCA.JK,16170.46
2023-06-09,BBCA.JK,16204.85
2023-06-12,BBCA.JK,16339.07
2023-06-13,BBCA.JK,16256.22
2023-06-14,BBCA.JK,16242.93
2023-06-15,BBCA.JK,16330.38
2023-06-16,BBCA.JK,16212.44
2023-06-19,BBCA.JK,16222.77
2023-06-20,BBCA.JK,16208.16
2023-06-21,BBCA.JK,16241.18
2023-06-22,BBCA.JK,15970.0
2023-06-23,BBCA.JK,16268.15
2023-06-26,BBCA.JK,16269.61
2023-06-27,BBCA.JK,16374.58
2023-06-28,BBCA.JK,16220.88
2023-06-29,BBCA.JK,16024.83
2023-06-30,BBCA.JK,16044.53
2023-07-03,BBCA.JK,16008.36
2023-07-04,BBCA.JK,16127.91
2023-07-05,BBCA.JK,15994.79
2023-07-06,BBCA.JK,15852.99
2023-07-07,BBCA.JK,15921.23
2023-07-10,BBCA.JK,16048.01
2023-07-11,BBCA.JK,16211.55
2023-07-12,BBCA.JK,16222.43
2023-07-13,BBCA.JK,16280.82
2023-07-14,BBCA.JK,16167.3
2023-07-17,BBCA.JK,16395.82
2023-07-18,BBCA.JK,16598.6
2023-07-19,BBCA.JK,16798.52
2023-07-20,BBCA.JK,16545.46
2023-07-21,BBCA.JK,16706.81
2023-07-24,BBCA.JK,16600.82
2023-07-25,BBCA.JK,16698.2
2023-07-26,BBCA.JK,16785.56
2023-07-27,BBCA.JK,17005.83
2023-07-28,BBCA.JK,16989.31
2023-07-31,BBCA.JK,16946.89
2023-08-01,BBCA.JK,16791.73
2023-08-02,BBCA.JK,16608.18
2023-08-03,BBCA.JK,16719.37
2023-08-04,BBCA.JK,16582.61
2023-08-07,BBCA.JK,16708.27
2023-08-08,BBCA.JK,16659.2
2023-08-09,BBCA.JK,16579.1
2023-08-10,BBCA.JK,16752.05
2023-08-11,BBCA.JK,16909.91
2023-08-14,BBCA.JK,16756.89
2023-08-15,BBCA.JK,16742.35
2023-08-16,BBCA.JK,16754.47
2023-08-17,BBCA.JK,16879.29
2023-08-18,BBCA.JK,16768.89
2023-08-21,BBCA.JK,16712.29
2023-08-22,BBCA.JK,16706.39
2023-08-23,BBCA.JK,16834.83
2023-08-24,BBCA.JK,16997.91
2023-08-25,BBCA.JK,16919.25
2023-08-28,BBCA.JK,17228.52
2023-08-29,BBCA.JK,17314.63
2023-08-30,BBCA.JK,17190.14
2023-08-31,BBCA.JK,16936.96
2023-09-01,BBCA.JK,16865.41
2023-09-04,BBCA.JK,16477.59
2023-09-05,BBCA.JK,16519.79
2023-09-06,BBCA.JK,16623.77
2023-09-07,BBCA.JK,16846.66
2023-09-08,BBCA.JK,16942.59
2023-09-11,BBCA.JK,16665.56
2023-09-12,BBCA.JK,16630.4
2023-09-13,BBCA.JK,16758.04
2023-09-14,BBCA.JK,16406.78
2023-09-15,BBCA.JK,16283.72
2023-09-18,BBCA.JK,16396.6
2023-09-19,BBCA.JK,16417.0
2023-09-20,BBCA.JK,16099.17
2023-09-21,BBCA.JK,16029.16
2023-09-22,BBCA.JK,16043.57
2023-09-25,BBCA.JK,16387.51
2023-09-26,BBCA.JK,16326.98
2023-09-27,BBCA.JK,16190.45
2023-09-28,BBCA.JK,16241.35
2023-09-29,BBCA.JK,16306.9
2023-10-02,BBCA.JK,16410.92
2023-10-03,BBCA.JK,16658.59
2023-10-04,BBCA.JK,16659.4
2023-10-05,BBCA.JK,16442.98
2023-10-06,BBCA.JK,16461.5
2023-10-09,BBCA.JK,16476.14
2023-10-10,BBCA.JK,16647.23
2023-10-11,BBCA.JK,16798.99
2023-10-12,BBCA.JK,16687.97
2023-10-13,BBCA.JK,16828.34
2023-10-16,BBCA.JK,17008.72
2023-10-17,BBCA.JK,16989.38
2023-10-18,BBCA.JK,17162.56
2023-10-19,BBCA.JK,17203.83
2023-10-20,BBCA.JK,17247.24
2023-10-23,BBCA.JK,17234.74
2023-10-24,BBCA.JK,17385.89
2023-10-25,BBCA.JK,17897.78
2023-10-26,BBCA.JK,17951.82
2023-10-27,BBCA.JK,17756.96
2023-10-30,BBCA.JK,17729.38
2023-10-31,BBCA.JK,17639.83
2023-11-01,BBCA.JK,17710.13
2023-11-02,BBCA.JK,17698.86
2023-11-03,BBCA.JK,18160.48
2023-11-06,BBCA.JK,18309.45
2023-11-07,BBCA.JK,18663.26
2023-11-08,BBCA.JK,18545.75
2023-11-09,BBCA.JK,18520.74
2023-11-10,BBCA.JK,18915.24
2023-11-13,BBCA.JK,18612.93
2023-11-14,BBCA.JK,18653.36
2023-11-15,BBCA.JK,18378.9
2023-11-16,BBCA.JK,18674.84
2023-11-17,BBCA.JK,18424.9
2023-11-20,BBCA.JK,18382.72
2023-11-21,BBCA.JK,18363.59
2023-11-22,BBCA.JK,18067.61
2023-11-23,BBCA.JK,18526.55
2023-11-24,BBCA.JK,18508.9
2023-11-27,BBCA.JK,18826.77
2023-11-28,BBCA.JK,18709.71
2023-11-29,BBCA.JK,18449.12
2023-11-30,BBCA.JK,18502.0
2023-12-01,BBCA.JK,18549.98
2023-12-04,BBCA.JK,19104.28
2023-12-05,BBCA.JK,18915.97
2023-12-06,BBCA.JK,18633.58
2023-12-07,BBCA.JK,18514.79
2023-12-08,BBCA.JK,18583.38
2023-12-11,BBCA.JK,18700.66
2023-12-12,BBCA.JK,18573.5
2023-12-13,BBCA.JK,18521.03
2023-12-14,BBCA.JK,18634.21
2023-12-15,BBCA.JK,18849.1
2023-12-18,BBCA.JK,18748.96
2023-12-19,BBCA.JK,18785.19
2023-12-20,BBCA.JK,18277.89
2023-12-21,BBCA.JK,18111.96
2023-12-22,BBCA.JK,18200.5
2023-12-25,BBCA.JK,18209.15
2023-12-26,BBCA.JK,18186.33
2023-12-27,BBCA.JK,18490.16
2023-12-28,BBCA.JK,18447.68
2023-12-29,BBCA.JK,18256.67
2024-01-01,BBCA.JK,18305.76
2024-01-02,BBCA.JK,18354.46
2024-01-03,BBCA.JK,18155.11
2024-01-04,BBCA.JK,18347.69
2024-01-05,BBCA.JK,18671.24
2024-01-08,BBCA.JK,18572.02
2024-01-09,BBCA.JK,18420.72
2024-01-10,BBCA.JK,18416.21
2024-01-11,BBCA.JK,18656.53
2024-01-12,BBCA.JK,18562.24
2024-01-15,BBCA.JK,18437.56
2024-01-16,BBCA.JK,18339.37
2024-01-17,BBCA.JK,18394.3
2024-01-18,BBCA.JK,18444.56
2024-01-19,BBCA.JK,18424.03
2024-01-22,BBCA.JK,18656.68
2024-01-23,BBCA.JK,19087.77
2024-01-24,BBCA.JK,18988.79
2024-01-25,BBCA.JK,19197.84
2024-01-26,BBCA.JK,19261.54
2024-01-29,BBCA.JK,19851.26
2024-01-30,BBCA.JK,19688.61
2024-01-31,BBCA.JK,19632.79
2024-02-01,BBCA.JK,19665.5
2024-02-02,BBCA.JK,19396.92
2024-02-05,BBCA.JK,19367.92
2024-02-06,BBCA.JK,19517.91
2024-02-07,BBCA.JK,19247.32
2024-02-08,BBCA.JK,19283.69
2024-02-09,BBCA.JK,19640.14
2024-02-12,BBCA.JK,19534.45
2024-02-13,BBCA.JK,19370.63
2024-02-14,BBCA.JK,18891.19
2024-02-15,BBCA.JK,18881.89
2024-02-16,BBCA.JK,18585.58
2024-02-19,BBCA.JK,18700.34
2024-02-20,BBCA.JK,19019.31
2024-02-21,BBCA.JK,19136.81
2024-02-22,BBCA.JK,18996.4
2024-02-23,BBCA.JK,19131.92
2024-02-26,BBCA.JK,19053.02
2024-02-27,BBCA.JK,18848.8
2024-02-28,BBCA.JK,18765.47
2024-02-29,BBCA.JK,18821.29
2024-03-01,BBCA.JK,18763.42
2024-03-04,BBCA.JK,18873.22
2024-03-05,BBCA.JK,19289.27
2024-03-06,BBCA.JK,19418.7
2024-03-07,BBCA.JK,19576.59
2024-03-08,BBCA.JK,19457.11
2024-03-11,BBCA.JK,19727.25
2024-03-12,BBCA.JK,19807.96
2024-03-13,BBCA.JK,20019.19
2024-03-14,BBCA.JK,19874.26
2024-03-15,BBCA.JK,19931.52
2024-03-18,BBCA.JK,19472.94
2024-03-19,BBCA.JK,19413.49
2024-03-20,BBCA.JK,19259.55
2024-03-21,BBCA.JK,19075.49
2024-03-22,BBCA.JK,19416.15
2024-03-25,BBCA.JK,19127.55
2024-03-26,BBCA.JK,19108.24
2024-03-27,BBCA.JK,19090.28
2024-03-28,BBCA.JK,19200.84
2024-03-29,BBCA.JK,19403.87
2024-04-01,BBCA.JK,19101.31
2024-04-02,BBCA.JK,19006.47
2024-04-03,BBCA.JK,18881.11
2024-04-04,BBCA.JK,19021.23
2024-04-05,BBCA.JK,19207.83
2024-04-08,BBCA.JK,19137.15
2024-04-09,BBCA.JK,19041.28
2024-04-10,BBCA.JK,18856.11
2024-04-11,BBCA.JK,18932.74
2024-04-12,BBCA.JK,19256.19
2024-04-15,BBCA.JK,19336.5
2024-04-16,BBCA.JK,19207.9
2024-04-17,BBCA.JK,19055.01
2024-04-18,BBCA.JK,18926.14
2024-04-19,BBCA.JK,18620.82
2024-04-22,BBCA.JK,18950.56
2024-04-23,BBCA.JK,18971.06
2024-04-24,BBCA.JK,18914.75
2024-04-25,BBCA.JK,19344.38
2024-04-26,BBCA.JK,19393.84
2024-04-29,BBCA.JK,19688.29
2024-04-30,BBCA.JK,19748.36
2024-05-01,BBCA.JK,19972.58
2024-05-02,BBCA.JK,19993.57
2024-05-03,BBCA.JK,19926.56
2024-05-06,BBCA.JK,20014.87
2024-05-07,BBCA.JK,20164.86
2024-05-08,BBCA.JK,20391.15
2024-05-09,BBCA.JK,20438.64
2024-05-10,BBCA.JK,20394.05
2024-05-13,BBCA.JK,20324.74
2024-05-14,BBCA.JK,20393.89
2024-05-15,BBCA.JK,20300.85
2024-05-16,BBCA.JK,20240.67
2024-05-17,BBCA.JK,20356.63
2024-05-20,BBCA.JK,20482.41
2024-05-21,BBCA.JK,20592.13
2024-05-22,BBCA.JK,20444.6
2024-05-23,BBCA.JK,20155.89
2024-05-24,BBCA.JK,20217.47
2024-05-27,BBCA.JK,20246.86
2024-05-28,BBCA.JK,20176.22
2024-05-29,BBCA.JK,20224.15
2024-05-30,BBCA.JK,20402.15
2024-05-31,BBCA.JK,20367.12
2024-06-03,BBCA.JK,20454.55
2024-06-04,BBCA.JK,20260.64
2024-06-05,BBCA.JK,20222.12
2024-06-06,BBCA.JK,20060.03
2024-06-07,BBCA.JK,19775.55
2024-06-10,BBCA.JK,19867.31
2024-06-11,BBCA.JK,19308.9
2024-06-12,BBCA.JK,19302.23
2024-06-13,BBCA.JK,19457.8
2024-06-14,BBCA.JK,19540.85
2024-06-17,BBCA.JK,19243.35
2024-06-18,BBCA.JK,19294.87
2024-06-19,BBCA.JK,18946.69
2024-06-20,BBCA.JK,18783.78
2024-06-21,BBCA.JK,19057.56
2024-06-24,BBCA.JK,19092.64
2024-06-25,BBCA.JK,19322.14
2024-06-26,BBCA.JK,19114.86
2024-06-27,BBCA.JK,18721.86
2024-06-28,BBCA.JK,18585.84
2024-07-01,BBCA.JK,18828.57
2024-07-02,BBCA.JK,19006.78
2024-07-03,BBCA.JK,19214.8
2024-07-04,BBCA.JK,19191.14
2024-07-05,BBCA.JK,19178.59
2024-07-08,BBCA.JK,19144.62
2024-07-09,BBCA.JK,19704.86
2024-07-10,BBCA.JK,19727.3
2024-07-11,BBCA.JK,20081.14
2024-07-12,BBCA.JK,20051.11
2024-07-15,BBCA.JK,20333.4
2024-07-16,BBCA.JK,20118.84
2024-07-17,BBCA.JK,20023.55
2024-07-18,BBCA.JK,20100.92
2024-07-19,BBCA.JK,19992.17
2024-07-22,BBCA.JK,19916.69
2024-07-23,BBCA.JK,19891.21
2024-07-24,BBCA.JK,19790.17
2024-07-25,BBCA.JK,20104.28
2024-07-26,BBCA.JK,20339.12
2024-07-29,BBCA.JK,20061.34
2024-07-30,BBCA.JK,20412.7
2024-07-31,BBCA.JK,20412.35
2024-08-01,BBCA.JK,20413.75
2024-08-02,BBCA.JK,20387.61
2024-08-05,BBCA.JK,20573.81
2024-08-06,BBCA.JK,20728.45
2024-08-07,BBCA.JK,20628.04
2024-08-08,BBCA.JK,20646.98
2024-08-09,BBCA.JK,20384.9
2024-08-12,BBCA.JK,20772.03
2024-08-13,BBCA.JK,20603.52
2024-08-14,BBCA.JK,20429.13
2024-08-15,BBCA.JK,20291.31
2024-08-16,BBCA.JK,20328.5
2024-08-19,BBCA.JK,20490.22
2024-08-20,BBCA.JK,20426.69
2024-08-21,BBCA.JK,20441.43
2024-08-22,BBCA.JK,20381.42
2024-08-23,BBCA.JK,20654.16
2024-08-26,BBCA.JK,20711.38
2024-08-27,BBCA.JK,20369.65
2024-08-28,BBCA.JK,20680.65
2024-08-29,BBCA.JK,20760.49
2024-08-30,BBCA.JK,21171.6
2024-09-02,BBCA.JK,21052.51
2024-09-03,BBCA.JK,20958.81
2024-09-04,BBCA.JK,20932.91
2024-09-05,BBCA.JK,20649.16
2024-09-06,BBCA.JK,20583.53
2024-09-09,BBCA.JK,20853.43
2024-09-10,BBCA.JK,21011.02
2024-09-11,BBCA.JK,20516.04
2024-09-12,BBCA.JK,20791.7
2024-09-13,BBCA.JK,20877.96
2024-09-16,BBCA.JK,21060.91
2024-09-17,BBCA.JK,21081.32
2024-09-18,BBCA.JK,21133.32
2024-09-19,BBCA.JK,21157.23
2024-09-20,BBCA.JK,21180.03
2024-09-23,BBCA.JK,20972.13
2024-09-24,BBCA.JK,21202.8
2024-09-25,BBCA.JK,21260.83
2024-09-26,BBCA.JK,21354.89
2024-09-27,BBCA.JK,21440.93
2024-09-30,BBCA.JK,21387.61
2024-10-01,BBCA.JK,21386.99
2024-10-02,BBCA.JK,21112.65
2024-10-03,BBCA.JK,21180.02
2024-10-04,BBCA.JK,21250.89
2024-10-07,BBCA.JK,21211.61
2024-10-08,BBCA.JK,20858.77
2024-10-09,BBCA.JK,21149.63
2024-10-10,BBCA.JK,21124.97
2024-10-11,BBCA.JK,21132.72
2024-10-14,BBCA.JK,21078.76
2024-10-15,BBCA.JK,20964.85
2024-10-16,BBCA.JK,20891.64
2024-10-17,BBCA.JK,20670.73
2024-10-18,BBCA.JK,20561.54
2024-10-21,BBCA.JK,20997.68
2024-10-22,BBCA.JK,21257.96
2024-10-23,BBCA.JK,21696.04
2024-10-24,BBCA.JK,21573.7
2024-10-25,BBCA.JK,21177.69
2024-10-28,BBCA.JK,20900.75
2024-10-29,BBCA.JK,20361.09
2024-10-30,BBCA.JK,20593.76
2024-10-31,BBCA.JK,20858.45
2024-11-01,BBCA.JK,20892.92
2024-11-04,BBCA.JK,20983.82
2024-11-05,BBCA.JK,21073.28
2024-11-06,BBCA.JK,21061.04
2024-11-07,BBCA.JK,21227.06
2024-11-08,BBCA.JK,21023.63
2024-11-11,BBCA.JK,20942.77
2024-11-12,BBCA.JK,20923.91
2024-11-13,BBCA.JK,20579.42
2024-11-14,BBCA.JK,20383.62
2024-11-15,BBCA.JK,20484.32
2024-11-18,BBCA.JK,20567.0
2024-11-19,BBCA.JK,20070.62
2024-11-20,BBCA.JK,20265.96
2024-11-21,BBCA.JK,20348.81
2024-11-22,BBCA.JK,20517.16
2024-11-25,BBCA.JK,20515.44
2024-11-26,BBCA.JK,20647.71
2024-11-27,BBCA.JK,20392.07
2024-11-28,BBCA.JK,20359.76
2024-11-29,BBCA.JK,20154.25
2024-12-02,BBCA.JK,20061.1
2024-12-03,BBCA.JK,20307.91
2024-12-04,BBCA.JK,20650.17
2024-12-05,BBCA.JK,20668.94
2024-12-06,BBCA.JK,20589.09
2024-12-09,BBCA.JK,20761.48
2024-12-10,BBCA.JK,20868.56
2024-12-11,BBCA.JK,21280.87
2024-12-12,BBCA.JK,21427.13
2024-12-13,BBCA.JK,20937.26
2024-12-16,BBCA.JK,20961.59
2024-12-17,BBCA.JK,20905.71
2024-12-18,BBCA.JK,20749.4
2024-12-19,BBCA.JK,20789.27
2024-12-20,BBCA.JK,20812.98
2024-12-23,BBCA.JK,20751.13
2024-12-24,BBCA.JK,21075.44
2024-12-25,BBCA.JK,21166.11
2024-12-26,BBCA.JK,21263.91
2024-12-27,BBCA.JK,21309.64
2024-12-30,BBCA.JK,21581.38
2024-12-31,BBCA.JK,21353.36
2025-01-01,BBCA.JK,21623.56
2025-01-02,BBCA.JK,21584.5
2025-01-03,BBCA.JK,21917.61
2025-01-06,BBCA.JK,22241.65
2025-01-07,BBCA.JK,22365.07
2025-01-08,BBCA.JK,22276.31
2025-01-09,BBCA.JK,22351.72
2025-01-10,BBCA.JK,22443.63
2025-01-13,BBCA.JK,22129.1
2025-01-14,BBCA.JK,22069.96
2025-01-15,BBCA.JK,21928.44
2025-01-16,BBCA.JK,22241.65
2025-01-17,BBCA.JK,22632.32
2025-01-20,BBCA.JK,22481.06
2025-01-21,BBCA.JK,22375.57
2025-01-22,BBCA.JK,22093.53
2025-01-23,BBCA.JK,22163.79
2025-01-24,BBCA.JK,22355.83
2025-01-27,BBCA.JK,22768.71
2025-01-28,BBCA.JK,22489.59
2025-01-29,BBCA.JK,22710.96
2025-01-30,BBCA.JK,22690.02
2025-01-31,BBCA.JK,22539.72
2025-02-03,BBCA.JK,22474.0
2025-02-04,BBCA.JK,22315.08
2025-02-05,BBCA.JK,22426.55
2025-02-06,BBCA.JK,22438.57
2025-02-07,BBCA.JK,22715.98
2025-02-10,BBCA.JK,22608.16
2025-02-11,BBCA.JK,22198.24
2025-02-12,BBCA.JK,21990.28
2025-02-13,BBCA.JK,22076.4
2025-02-14,BBCA.JK,21762.78
2025-02-17,BBCA.JK,21610.7
2025-02-18,BBCA.JK,21736.77
2025-02-19,BBCA.JK,21450.22
2025-02-20,BBCA.JK,21640.96
2025-02-21,BBCA.JK,21724.53
2025-02-24,BBCA.JK,21608.48
2025-02-25,BBCA.JK,21609.33
2025-02-26,BBCA.JK,21512.0
2025-02-27,BBCA.JK,21437.04
2025-02-28,BBCA.JK,21377.1
2025-03-03,BBCA.JK,21390.81
2025-03-04,BBCA.JK,21381.37
2025-03-05,BBCA.JK,21232.38
2025-03-06,BBCA.JK,21034.47
2025-03-07,BBCA.JK,21477.83
2025-03-10,BBCA.JK,21251.72
2025-03-11,BBCA.JK,21228.81
2025-03-12,BBCA.JK,21491.96
2025-03-13,BBCA.JK,21713.65
2025-03-14,BBCA.JK,21565.92
2025-03-17,BBCA.JK,22006.37
2025-03-18,BBCA.JK,22403.27
2025-03-19,BBCA.JK,22342.86
2025-03-20,BBCA.JK,22077.31
2025-03-21,BBCA.JK,22225.81
2025-03-24,BBCA.JK,22195.18
2025-03-25,BBCA.JK,22140.19
2025-03-26,BBCA.JK,21971.59
2025-03-27,BBCA.JK,21850.23
2025-03-28,BBCA.JK,21895.35
2025-03-31,BBCA.JK,22101.14
2025-04-01,BBCA.JK,21654.6
2025-04-02,BBCA.JK,21151.05
2025-04-03,BBCA.JK,21363.59
2025-04-04,BBCA.JK,21192.9
2025-04-07,BBCA.JK,21347.93
2025-04-08,BBCA.JK,21380.16
2025-04-09,BBCA.JK,21655.23
2025-04-10,BBCA.JK,21860.91
2025-04-11,BBCA.JK,21810.02
2025-04-14,BBCA.JK,21784.48
2025-04-15,BBCA.JK,21863.41
2025-04-16,BBCA.JK,22035.03
2025-04-17,BBCA.JK,21906.87
2025-04-18,BBCA.JK,21584.99
2025-04-21,BBCA.JK,21616.44
2025-04-22,BBCA.JK,21616.36
2025-04-23,BBCA.JK,21592.05
2025-04-24,BBCA.JK,21386.44
2025-04-25,BBCA.JK,21524.88
2025-04-28,BBCA.JK,21163.69
2025-04-29,BBCA.JK,21070.83
2025-04-30,BBCA.JK,21351.83
2025-05-01,BBCA.JK,21124.89
2025-05-02,BBCA.JK,21221.96
2025-05-05,BBCA.JK,21327.06
2025-05-06,BBCA.JK,21427.6
2025-05-07,BBCA.JK,21079.54
2025-05-08,BBCA.JK,21301.57
2025-05-09,BBCA.JK,21341.96
2025-05-12,BBCA.JK,21456.96
2025-05-13,BBCA.JK,21532.62
2025-05-14,BBCA.JK,21555.88
2025-05-15,BBCA.JK,21828.61
2025-05-16,BBCA.JK,22152.25
2025-05-19,BBCA.JK,21752.17
2025-05-20,BBCA.JK,21593.97
2025-05-21,BBCA.JK,21568.6
2025-05-22,BBCA.JK,21112.44
2025-05-23,BBCA.JK,21431.4
2025-05-26,BBCA.JK,21276.6
2025-05-27,BBCA.JK,21406.93
2025-05-28,BBCA.JK,21464.4
2025-05-29,BBCA.JK,21429.01
2025-05-30,BBCA.JK,21224.7
2025-06-02,BBCA.JK,21159.22
2025-06-03,BBCA.JK,21189.53
2025-06-04,BBCA.JK,21366.68
2025-06-05,BBCA.JK,21334.56
2025-06-06,BBCA.JK,21261.81
2025-06-09,BBCA.JK,21220.71
2025-06-10,BBCA.JK,21507.89
2025-06-11,BBCA.JK,21581.87
2025-06-12,BBCA.JK,21448.6
2025-06-13,BBCA.JK,21190.69
2025-06-16,BBCA.JK,21115.58
2025-06-17,BBCA.JK,20935.15
2025-06-18,BBCA.JK,20858.97
2025-06-19,BBCA.JK,21152.97
2025-06-20,BBCA.JK,21310.52
2025-06-23,BBCA.JK,21370.72
2025-06-24,BBCA.JK,21468.6
2025-06-25,BBCA.JK,21849.36
2025-06-26,BBCA.JK,21613.52
2025-06-27,BBCA.JK,21721.35
2025-06-30,BBCA.JK,21688.94
2025-07-01,BBCA.JK,21731.27
2025-07-02,BBCA.JK,21758.87
2025-07-03,BBCA.JK,21701.99
2025-07-04,BBCA.JK,21831.11
2025-07-07,BBCA.JK,21372.7
2025-07-08,BBCA.JK,21445.91
2025-07-09,BBCA.JK,21602.72
2025-07-10,BBCA.JK,21409.03
2025-07-11,BBCA.JK,21212.37
2025-07-14,BBCA.JK,21627.42
2025-07-15,BBCA.JK,21446.09
2025-07-16,BBCA.JK,21377.17
2025-07-17,BBCA.JK,21224.49
2025-07-18,BBCA.JK,21106.9
2025-07-21,BBCA.JK,20977.47
2025-07-22,BBCA.JK,20548.06
2025-07-23,BBCA.JK,21046.37
2025-07-24,BBCA.JK,20905.62
2025-07-25,BBCA.JK,20995.92
2025-07-28,BBCA.JK,20990.46
2025-07-29,BBCA.JK,21283.28
2025-07-30,BBCA.JK,21441.27
2025-07-31,BBCA.JK,21693.66
2025-08-01,BBCA.JK,21956.94
2025-08-04,BBCA.JK,22151.8
2025-08-05,BBCA.JK,22170.73
2025-08-06,BBCA.JK,22382.87
2025-08-07,BBCA.JK,22039.95
2025-08-08,BBCA.JK,22245.97
2025-08-11,BBCA.JK,22412.26
2025-08-12,BBCA.JK,22491.38
2025-08-13,BBCA.JK,22205.18
2025-08-14,BBCA.JK,22511.01
2025-08-15,BBCA.JK,22371.73
2025-08-18,BBCA.JK,22522.4
2025-08-19,BBCA.JK,22119.96
2025-08-20,BBCA.JK,22091.8
2025-08-21,BBCA.JK,21960.81
2025-08-22,BBCA.JK,21801.92
2025-08-25,BBCA.JK,21668.6
2025-08-26,BBCA.JK,22062.08
2025-08-27,BBCA.JK,22065.39
2025-08-28,BBCA.JK,22150.89
2025-08-29,BBCA.JK,22631.88
2025-09-01,BBCA.JK,22320.74
2025-09-02,BBCA.JK,22671.03
2025-09-03,BBCA.JK,22598.49
2025-09-04,BBCA.JK,22468.19
2025-09-05,BBCA.JK,22387.29
2025-09-08,BBCA.JK,21995.01
2025-09-09,BBCA.JK,21670.12
2025-09-10,BBCA.JK,21435.92
2025-09-11,BBCA.JK,21326.26
2025-09-12,BBCA.JK,21487.6
2025-09-15,BBCA.JK,21729.47
2025-09-16,BBCA.JK,21659.8
2025-09-17,BBCA.JK,21749.69
2025-09-18,BBCA.JK,21853.67
2025-09-19,BBCA.JK,21813.74
2025-09-22,BBCA.JK,21872.92
2025-09-23,BBCA.JK,21754.34
2025-09-24,BBCA.JK,21884.03
2025-09-25,BBCA.JK,21844.68
2025-09-26,BBCA.JK,21862.69
2025-09-29,BBCA.JK,21927.56
2025-09-30,BBCA.JK,21968.78
2025-10-01,BBCA.JK,21821.71
2025-10-02,BBCA.JK,21538.37
2025-10-03,BBCA.JK,21533.01
2025-10-06,BBCA.JK,21420.65
2025-10-07,BBCA.JK,21316.48
2025-10-08,BBCA.JK,21303.02
2025-10-09,BBCA.JK,21161.2
2025-10-10,BBCA.JK,21264.11
2025-10-13,BBCA.JK,21357.16
2025-10-14,BBCA.JK,21174.64
2025-10-15,BBCA.JK,21260.8
2025-10-16,BBCA.JK,21066.21
2025-10-17,BBCA.JK,21225.81
2025-10-20,BBCA.JK,21364.78
2025-10-21,BBCA.JK,21370.55
2025-10-22,BBCA.JK,21567.96
2025-10-23,BBCA.JK,21795.59
2025-10-24,BBCA.JK,21899.97
2025-10-27,BBCA.JK,21508.45
2025-10-28,BBCA.JK,21544.51
2025-10-29,BBCA.JK,21595.25
2025-10-30,BBCA.JK,21776.08
2025-10-31,BBCA.JK,21570.48
2025-11-03,BBCA.JK,21729.09
2025-11-04,BBCA.JK,21812.71
2025-11-05,BBCA.JK,21908.3
2025-11-06,BBCA.JK,21645.41
2025-11-07,BBCA.JK,21466.36
2025-11-10,BBCA.JK,21715.08
2025-11-11,BBCA.JK,21900.81
2025-11-12,BBCA.JK,21889.62
2025-11-13,BBCA.JK,22132.9
2019-01-02,BBRI.JK,3612.71
2019-01-03,BBRI.JK,3596.12
2019-01-04,BBRI.JK,3529.7
2019-01-07,BBRI.JK,3573.68
2019-01-08,BBRI.JK,3568.97
2019-01-09,BBRI.JK,3580.2
2019-01-10,BBRI.JK,3504.7
2019-01-11,BBRI.JK,3483.2
2019-01-14,BBRI.JK,3496.64
2019-01-15,BBRI.JK,3487.47
2019-01-16,BBRI.JK,3457.95
2019-01-17,BBRI.JK,3413.15
2019-01-18,BBRI.JK,3422.63
2019-01-21,BBRI.JK,3408.6
2019-01-22,BBRI.JK,3395.79
2019-01-23,BBRI.JK,3384.92
2019-01-24,BBRI.JK,3359.69
2019-01-25,BBRI.JK,3347.32
2019-01-28,BBRI.JK,3323.65
2019-01-29,BBRI.JK,3325.59
2019-01-30,BBRI.JK,3271.99
2019-01-31,BBRI.JK,3229.98
2019-02-01,BBRI.JK,3231.75
2019-02-04,BBRI.JK,3226.08
2019-02-05,BBRI.JK,3232.75
2019-02-06,BBRI.JK,3310.75
2019-02-07,BBRI.JK,3340.87
2019-02-08,BBRI.JK,3386.45
2019-02-11,BBRI.JK,3403.94
2019-02-12,BBRI.JK,3399.82
2019-02-13,BBRI.JK,3368.31
2019-02-14,BBRI.JK,3294.5
2019-02-15,BBRI.JK,3239.71
2019-02-18,BBRI.JK,3150.3
2019-02-19,BBRI.JK,3108.92
2019-02-20,BBRI.JK,3050.78
2019-02-21,BBRI.JK,3016.27
2019-02-22,BBRI.JK,3016.12
2019-02-25,BBRI.JK,3002.03
2019-02-26,BBRI.JK,3034.17
2019-02-27,BBRI.JK,3067.26
2019-02-28,BBRI.JK,3105.13
2019-03-01,BBRI.JK,3137.44
2019-03-04,BBRI.JK,3148.01
2019-03-05,BBRI.JK,3129.43
2019-03-06,BBRI.JK,3146.86
2019-03-07,BBRI.JK,3138.2
2019-03-08,BBRI.JK,3131.33
2019-03-11,BBRI.JK,3147.18
2019-03-12,BBRI.JK,3106.97
2019-03-13,BBRI.JK,3047.47
2019-03-14,BBRI.JK,3059.86
2019-03-15,BBRI.JK,3125.12
2019-03-18,BBRI.JK,3167.39
2019-03-19,BBRI.JK,3309.61
2019-03-20,BBRI.JK,3255.17
2019-03-21,BBRI.JK,3230.88
2019-03-22,BBRI.JK,3143.22
2019-03-25,BBRI.JK,3111.74
2019-03-26,BBRI.JK,3182.45
2019-03-27,BBRI.JK,3244.21
2019-03-28,BBRI.JK,3205.74
2019-03-29,BBRI.JK,3194.19
2019-04-01,BBRI.JK,3163.67
2019-04-02,BBRI.JK,3113.8
2019-04-03,BBRI.JK,3105.49
2019-04-04,BBRI.JK,3094.08
2019-04-05,BBRI.JK,3098.24
2019-04-08,BBRI.JK,3108.61
2019-04-09,BBRI.JK,3135.12
2019-04-10,BBRI.JK,3187.04
2019-04-11,BBRI.JK,3184.81
2019-04-12,BBRI.JK,3177.64
2019-04-15,BBRI.JK,3178.7
2019-04-16,BBRI.JK,3196.24
2019-04-17,BBRI.JK,3192.01
2019-04-18,BBRI.JK,3155.27
2019-04-19,BBRI.JK,3136.52
2019-04-22,BBRI.JK,3164.83
2019-04-23,BBRI.JK,3126.91
2019-04-24,BBRI.JK,3157.85
2019-04-25,BBRI.JK,3106.33
2019-04-26,BBRI.JK,3129.58
2019-04-29,BBRI.JK,3152.26
2019-04-30,BBRI.JK,3145.1
2019-05-01,BBRI.JK,3144.97
2019-05-02,BBRI.JK,3137.07
2019-05-03,BBRI.JK,3200.46
2019-05-06,BBRI.JK,3184.56
2019-05-07,BBRI.JK,3157.72
2019-05-08,BBRI.JK,3172.63
2019-05-09,BBRI.JK,3215.18
2019-05-10,BBRI.JK,3228.77
2019-05-13,BBRI.JK,3223.91
2019-05-14,BBRI.JK,3263.89
2019-05-15,BBRI.JK,3235.26
2019-05-16,BBRI.JK,3206.09
2019-05-17,BBRI.JK,3159.75
2019-05-20,BBRI.JK,3205.89
2019-05-21,BBRI.JK,3122.53
2019-05-22,BBRI.JK,3075.52
2019-05-23,BBRI.JK,3085.29
2019-05-24,BBRI.JK,3100.99
2019-05-27,BBRI.JK,3165.7
2019-05-28,BBRI.JK,3182.45
2019-05-29,BBRI.JK,3164.55
2019-05-30,BBRI.JK,3217.26
2019-05-31,BBRI.JK,3258.73
2019-06-03,BBRI.JK,3304.32
2019-06-04,BBRI.JK,3346.96
2019-06-05,BBRI.JK,3368.02
2019-06-06,BBRI.JK,3310.78
2019-06-07,BBRI.JK,3270.15
2019-06-10,BBRI.JK,3347.35
2019-06-11,BBRI.JK,3349.87
2019-06-12,BBRI.JK,3277.59
2019-06-13,BBRI.JK,3280.47
2019-06-14,BBRI.JK,3318.67
2019-06-17,BBRI.JK,3334.95
2019-06-18,BBRI.JK,3336.25
2019-06-19,BBRI.JK,3245.19
2019-06-20,BBRI.JK,3248.22
2019-06-21,BBRI.JK,3243.65
2019-06-24,BBRI.JK,3308.79
2019-06-25,BBRI.JK,3309.64
2019-06-26,BBRI.JK,3308.27
2019-06-27,BBRI.JK,3291.64
2019-06-28,BBRI.JK,3287.49
2019-07-01,BBRI.JK,3298.74
2019-07-02,BBRI.JK,3279.36
2019-07-03,BBRI.JK,3245.64
2019-07-04,BBRI.JK,3198.59
2019-07-05,BBRI.JK,3203.62
2019-07-08,BBRI.JK,3190.7
2019-07-09,BBRI.JK,3179.17
2019-07-10,BBRI.JK,3122.42
2019-07-11,BBRI.JK,3092.92
2019-07-12,BBRI.JK,3023.96
2019-07-15,BBRI.JK,3058.6
2019-07-16,BBRI.JK,3101.78
2019-07-17,BBRI.JK,3117.21
2019-07-18,BBRI.JK,3113.39
2019-07-19,BBRI.JK,3130.96
2019-07-22,BBRI.JK,3076.17
2019-07-23,BBRI.JK,3028.15
2019-07-24,BBRI.JK,3070.71
2019-07-25,BBRI.JK,3033.2
2019-07-26,BBRI.JK,3031.62
2019-07-29,BBRI.JK,3007.76
2019-07-30,BBRI.JK,2920.94
2019-07-31,BBRI.JK,2897.82
2019-08-01,BBRI.JK,2926.35
2019-08-02,BBRI.JK,2972.11
2019-08-05,BBRI.JK,2883.35
2019-08-06,BBRI.JK,2829.86
2019-08-07,BBRI.JK,2810.62
2019-08-08,BBRI.JK,2844.01
2019-08-09,BBRI.JK,2885.5
2019-08-12,BBRI.JK,2940.15
2019-08-13,BBRI.JK,2999.23
2019-08-14,BBRI.JK,2984.38
2019-08-15,BBRI.JK,2949.6
2019-08-16,BBRI.JK,2982.22
2019-08-19,BBRI.JK,2973.47
2019-08-20,BBRI.JK,2974.82
2019-08-21,BBRI.JK,2962.47
2019-08-22,BBRI.JK,2948.97
2019-08-23,BBRI.JK,2981.28
2019-08-26,BBRI.JK,2945.78
2019-08-27,BBRI.JK,2884.86
2019-08-28,BBRI.JK,2861.09
2019-08-29,BBRI.JK,2864.72
2019-08-30,BBRI.JK,2854.45
2019-09-02,BBRI.JK,2849.78
2019-09-03,BBRI.JK,2782.41
2019-09-04,BBRI.JK,2753.4
2019-09-05,BBRI.JK,2788.63
2019-09-06,BBRI.JK,2782.9
2019-09-09,BBRI.JK,2760.28
2019-09-10,BBRI.JK,2797.1
2019-09-11,BBRI.JK,2778.16
2019-09-12,BBRI.JK,2802.76
2019-09-13,BBRI.JK,2809.6
2019-09-16,BBRI.JK,2822.8
2019-09-17,BBRI.JK,2857.22
2019-09-18,BBRI.JK,2933.37
2019-09-19,BBRI.JK,2977.42
2019-09-20,BBRI.JK,2946.87
2019-09-23,BBRI.JK,2907.35
2019-09-24,BBRI.JK,2895.5
2019-09-25,BBRI.JK,2888.91
2019-09-26,BBRI.JK,2912.29
2019-09-27,BBRI.JK,2912.72
2019-09-30,BBRI.JK,2918.97
2019-10-01,BBRI.JK,2859.06
2019-10-02,BBRI.JK,2856.65
2019-10-03,BBRI.JK,2873.97
2019-10-04,BBRI.JK,2931.59
2019-10-07,BBRI.JK,2958.34
2019-10-08,BBRI.JK,2960.87
2019-10-09,BBRI.JK,2918.33
2019-10-10,BBRI.JK,2917.27
2019-10-11,BBRI.JK,2916.62
2019-10-14,BBRI.JK,2910.86
2019-10-15,BBRI.JK,2915.42
2019-10-16,BBRI.JK,2932.13
2019-10-17,BBRI.JK,2946.83
2019-10-18,BBRI.JK,3024.35
2019-10-21,BBRI.JK,2988.08
2019-10-22,BBRI.JK,2931.13
2019-10-23,BBRI.JK,2943.83
2019-10-24,BBRI.JK,2899.63
2019-10-25,BBRI.JK,2891.4
2019-10-28,BBRI.JK,2887.55
2019-10-29,BBRI.JK,2858.55
2019-10-30,BBRI.JK,2884.55
2019-10-31,BBRI.JK,2905.62
2019-11-01,BBRI.JK,2909.32
2019-11-04,BBRI.JK,2929.22
2019-11-05,BBRI.JK,2958.45
2019-11-06,BBRI.JK,2946.31
2019-11-07,BBRI.JK,2966.01
2019-11-08,BBRI.JK,2969.66
2019-11-11,BBRI.JK,2968.28
2019-11-12,BBRI.JK,2950.5
2019-11-13,BBRI.JK,3010.61
2019-11-14,BBRI.JK,3021.01
2019-11-15,BBRI.JK,2968.37
2019-11-18,BBRI.JK,2984.52
2019-11-19,BBRI.JK,2892.12
2019-11-20,BBRI.JK,2900.05
2019-11-21,BBRI.JK,2925.21
2019-11-22,BBRI.JK,2973.34
2019-11-25,BBRI.JK,2979.26
2019-11-26,BBRI.JK,2952.77
2019-11-27,BBRI.JK,3019.76
2019-11-28,BBRI.JK,3055.6
2019-11-29,BBRI.JK,3101.27
2019-12-02,BBRI.JK,3090.35
2019-12-03,BBRI.JK,3112.17
2019-12-04,BBRI.JK,3045.06
2019-12-05,BBRI.JK,3060.81
2019-12-06,BBRI.JK,2982.23
2019-12-09,BBRI.JK,2944.03
2019-12-10,BBRI.JK,2890.82
2019-12-11,BBRI.JK,2928.75
2019-12-12,BBRI.JK,2959.41
2019-12-13,BBRI.JK,2937.03
2019-12-16,BBRI.JK,2978.83
2019-12-17,BBRI.JK,2979.98
2019-12-18,BBRI.JK,2907.66
2019-12-19,BBRI.JK,2892.53
2019-12-20,BBRI.JK,2831.2
2019-12-23,BBRI.JK,2832.03
2019-12-24,BBRI.JK,2842.62
2019-12-25,BBRI.JK,2815.85
2019-12-26,BBRI.JK,2841.49
2019-12-27,BBRI.JK,2875.61
2019-12-30,BBRI.JK,2843.2
2019-12-31,BBRI.JK,2860.92
2020-01-01,BBRI.JK,2855.92
2020-01-02,BBRI.JK,2844.68
2020-01-03,BBRI.JK,2900.42
2020-01-06,BBRI.JK,2874.34
2020-01-07,BBRI.JK,2860.48
2020-01-08,BBRI.JK,2856.65
2020-01-09,BBRI.JK,2874.65
2020-01-10,BBRI.JK,2899.74
2020-01-13,BBRI.JK,2865.55
2020-01-14,BBRI.JK,2911.04
2020-01-15,BBRI.JK,2973.4
2020-01-16,BBRI.JK,3043.56
2020-01-17,BBRI.JK,3048.17
2020-01-20,BBRI.JK,3028.17
2020-01-21,BBRI.JK,2987.91
2020-01-22,BBRI.JK,2998.96
2020-01-23,BBRI.JK,2994.91
2020-01-24,BBRI.JK,2991.44
2020-01-27,BBRI.JK,2967.8
2020-01-28,BBRI.JK,2887.77
2020-01-29,BBRI.JK,2876.49
2020-01-30,BBRI.JK,2869.26
2020-01-31,BBRI.JK,2855.35
2020-02-03,BBRI.JK,2805.6
2020-02-04,BBRI.JK,2795.14
2020-02-05,BBRI.JK,2788.95
2020-02-06,BBRI.JK,2750.04
2020-02-07,BBRI.JK,2770.13
2020-02-10,BBRI.JK,2767.83
2020-02-11,BBRI.JK,2771.2
2020-02-12,BBRI.JK,2783.24
2020-02-13,BBRI.JK,2773.76
2020-02-14,BBRI.JK,2770.12
2020-02-17,BBRI.JK,2786.74
2020-02-18,BBRI.JK,2811.14
2020-02-19,BBRI.JK,2840.23
2020-02-20,BBRI.JK,2832.91
2020-02-21,BBRI.JK,2858.05
2020-02-24,BBRI.JK,2896.25
2020-02-25,BBRI.JK,2846.55
2020-02-26,BBRI.JK,2831.72
2020-02-27,BBRI.JK,2829.97
2020-02-28,BBRI.JK,2829.17
2020-03-02,BBRI.JK,2889.25
2020-03-03,BBRI.JK,2929.47
2020-03-04,BBRI.JK,2923.91
2020-03-05,BBRI.JK,2919.12
2020-03-06,BBRI.JK,2869.47
2020-03-09,BBRI.JK,2834.87
2020-03-10,BBRI.JK,2879.85
2020-03-11,BBRI.JK,2819.68
2020-03-12,BBRI.JK,2840.29
2020-03-13,BBRI.JK,2815.68
2020-03-16,BBRI.JK,2804.72
2020-03-17,BBRI.JK,2800.78
2020-03-18,BBRI.JK,2861.74
2020-03-19,BBRI.JK,2872.91
2020-03-20,BBRI.JK,2889.97
2020-03-23,BBRI.JK,2924.8
2020-03-24,BBRI.JK,2846.63
2020-03-25,BBRI.JK,2910.16
2020-03-26,BBRI.JK,2851.45
2020-03-27,BBRI.JK,2826.63
2020-03-30,BBRI.JK,2849.81
2020-03-31,BBRI.JK,2807.61
2020-04-01,BBRI.JK,2748.66
2020-04-02,BBRI.JK,2787.01
2020-04-03,BBRI.JK,2776.47
2020-04-06,BBRI.JK,2807.78
2020-04-07,BBRI.JK,2824.24
2020-04-08,BBRI.JK,2817.78
2020-04-09,BBRI.JK,2875.25
2020-04-10,BBRI.JK,2866.55
2020-04-13,BBRI.JK,2936.22
2020-04-14,BBRI.JK,2905.02
2020-04-15,BBRI.JK,2870.52
2020-04-16,BBRI.JK,2847.23
2020-04-17,BBRI.JK,2855.62
2020-04-20,BBRI.JK,2817.09
2020-04-21,BBRI.JK,2793.84
2020-04-22,BBRI.JK,2842.6
2020-04-23,BBRI.JK,2849.39
2020-04-24,BBRI.JK,2889.48
2020-04-27,BBRI.JK,2902.9
2020-04-28,BBRI.JK,2883.17
2020-04-29,BBRI.JK,2857.34
2020-04-30,BBRI.JK,2864.45
2020-05-01,BBRI.JK,2867.65
2020-05-04,BBRI.JK,2850.52
2020-05-05,BBRI.JK,2832.23
2020-05-06,BBRI.JK,2882.26
2020-05-07,BBRI.JK,2919.12
2020-05-08,BBRI.JK,2930.55
2020-05-11,BBRI.JK,2919.55
2020-05-12,BBRI.JK,2905.8
2020-05-13,BBRI.JK,2976.5
2020-05-14,BBRI.JK,2956.17
2020-05-15,BBRI.JK,3038.93
2020-05-18,BBRI.JK,3015.92
2020-05-19,BBRI.JK,2963.12
2020-05-20,BBRI.JK,3035.75
2020-05-21,BBRI.JK,3032.59
2020-05-22,BBRI.JK,3088.96
2020-05-25,BBRI.JK,3106.2
2020-05-26,BBRI.JK,3098.21
2020-05-27,BBRI.JK,3134.12
2020-05-28,BBRI.JK,3124.09
2020-05-29,BBRI.JK,3141.3
2020-06-01,BBRI.JK,3136.92
2020-06-02,BBRI.JK,3071.66
2020-06-03,BBRI.JK,3087.06
2020-06-04,BBRI.JK,3068.26
2020-06-05,BBRI.JK,3063.78
2020-06-08,BBRI.JK,3079.67
2020-06-09,BBRI.JK,3028.18
2020-06-10,BBRI.JK,3048.5
2020-06-11,BBRI.JK,3070.37
2020-06-12,BBRI.JK,3141.76
2020-06-15,BBRI.JK,3173.38
2020-06-16,BBRI.JK,3187.05
2020-06-17,BBRI.JK,3163.05
2020-06-18,BBRI.JK,3162.83
2020-06-19,BBRI.JK,3110.13
2020-06-22,BBRI.JK,3125.78
2020-06-23,BBRI.JK,3118.84
2020-06-24,BBRI.JK,3105.7
2020-06-25,BBRI.JK,3106.67
2020-06-26,BBRI.JK,3123.85
2020-06-29,BBRI.JK,3133.9
2020-06-30,BBRI.JK,3089.97
2020-07-01,BBRI.JK,3139.11
2020-07-02,BBRI.JK,3140.49
2020-07-03,BBRI.JK,3153.16
2020-07-06,BBRI.JK,3153.51
2020-07-07,BBRI.JK,3118.28
2020-07-08,BBRI.JK,3128.16
2020-07-09,BBRI.JK,3113.56
2020-07-10,BBRI.JK,3082.01
2020-07-13,BBRI.JK,3086.53
2020-07-14,BBRI.JK,3114.26
2020-07-15,BBRI.JK,3136.8
2020-07-16,BBRI.JK,3143.89
2020-07-17,BBRI.JK,3120.84
2020-07-20,BBRI.JK,3108.59
2020-07-21,BBRI.JK,3103.5
2020-07-22,BBRI.JK,3050.72
2020-07-23,BBRI.JK,3079.88
2020-07-24,BBRI.JK,3083.04
2020-07-27,BBRI.JK,3036.08
2020-07-28,BBRI.JK,3089.93
2020-07-29,BBRI.JK,3160.74
2020-07-30,BBRI.JK,3112.05
2020-07-31,BBRI.JK,3105.35
2020-08-03,BBRI.JK,3074.31
2020-08-04,BBRI.JK,3102.18
2020-08-05,BBRI.JK,3051.35
2020-08-06,BBRI.JK,3068.95
2020-08-07,BBRI.JK,3082.71
2020-08-10,BBRI.JK,3123.06
2020-08-11,BBRI.JK,3052.48
2020-08-12,BBRI.JK,3024.38
2020-08-13,BBRI.JK,3016.67
2020-08-14,BBRI.JK,3050.61
2020-08-17,BBRI.JK,3053.53
2020-08-18,BBRI.JK,3080.33
2020-08-19,BBRI.JK,3096.6
2020-08-20,BBRI.JK,3063.28
2020-08-21,BBRI.JK,3058.69
2020-08-24,BBRI.JK,3043.87
2020-08-25,BBRI.JK,3032.09
2020-08-26,BBRI.JK,2998.67
2020-08-27,BBRI.JK,3025.14
2020-08-28,BBRI.JK,3035.56
2020-08-31,BBRI.JK,2966.38
2020-09-01,BBRI.JK,2991.81
2020-09-02,BBRI.JK,2971.23
2020-09-03,BBRI.JK,2918.42
2020-09-04,BBRI.JK,2959.84
2020-09-07,BBRI.JK,2958.5
2020-09-08,BBRI.JK,2970.32
2020-09-09,BBRI.JK,2964.88
2020-09-10,BBRI.JK,2962.93
2020-09-11,BBRI.JK,2898.69
2020-09-14,BBRI.JK,2924.07
2020-09-15,BBRI.JK,2897.84
2020-09-16,BBRI.JK,2897.7
2020-09-17,BBRI.JK,2894.15
2020-09-18,BBRI.JK,2860.2
2020-09-21,BBRI.JK,2816.94
2020-09-22,BBRI.JK,2811.18
2020-09-23,BBRI.JK,2853.09
2020-09-24,BBRI.JK,2830.14
2020-09-25,BBRI.JK,2809.24
2020-09-28,BBRI.JK,2811.74
2020-09-29,BBRI.JK,2791.73
2020-09-30,BBRI.JK,2834.7
2020-10-01,BBRI.JK,2849.67
2020-10-02,BBRI.JK,2934.14
2020-10-05,BBRI.JK,2941.25
2020-10-06,BBRI.JK,3018.6
2020-10-07,BBRI.JK,2997.11
2020-10-08,BBRI.JK,3004.99
2020-10-09,BBRI.JK,2966.87
2020-10-12,BBRI.JK,2953.11
2020-10-13,BBRI.JK,2942.04
2020-10-14,BBRI.JK,2963.52
2020-10-15,BBRI.JK,3011.71
2020-10-16,BBRI.JK,3002.6
2020-10-19,BBRI.JK,2951.19
2020-10-20,BBRI.JK,2951.5
2020-10-21,BBRI.JK,2945.91
2020-10-22,BBRI.JK,2929.24
2020-10-23,BBRI.JK,2959.77
2020-10-26,BBRI.JK,3000.4
2020-10-27,BBRI.JK,2976.27
2020-10-28,BBRI.JK,2951.99
2020-10-29,BBRI.JK,2861.63
2020-10-30,BBRI.JK,2841.13
2020-11-02,BBRI.JK,2870.51
2020-11-03,BBRI.JK,2840.12
2020-11-04,BBRI.JK,2872.02
2020-11-05,BBRI.JK,2896.37
2020-11-06,BBRI.JK,2919.06
2020-11-09,BBRI.JK,2942.61
2020-11-10,BBRI.JK,2941.38
2020-11-11,BBRI.JK,2978.93
2020-11-12,BBRI.JK,3018.39
2020-11-13,BBRI.JK,3032.89
2020-11-16,BBRI.JK,3033.54
2020-11-17,BBRI.JK,3082.67
2020-11-18,BBRI.JK,3139.99
2020-11-19,BBRI.JK,3118.52
2020-11-20,BBRI.JK,3151.96
2020-11-23,BBRI.JK,3156.49
2020-11-24,BBRI.JK,3247.13
2020-11-25,BBRI.JK,3237.12
2020-11-26,BBRI.JK,3215.62
2020-11-27,BBRI.JK,3182.94
2020-11-30,BBRI.JK,3220.19
2020-12-01,BBRI.JK,3182.17
2020-12-02,BBRI.JK,3209.21
2020-12-03,BBRI.JK,3192.11
2020-12-04,BBRI.JK,3245.94
2020-12-07,BBRI.JK,3309.53
2020-12-08,BBRI.JK,3357.39
2020-12-09,BBRI.JK,3281.93
2020-12-10,BBRI.JK,3227.49
2020-12-11,BBRI.JK,3126.04
2020-12-14,BBRI.JK,3227.04
2020-12-15,BBRI.JK,3206.72
2020-12-16,BBRI.JK,3193.54
2020-12-17,BBRI.JK,3197.88
2020-12-18,BBRI.JK,3223.57
2020-12-21,BBRI.JK,3213.36
2020-12-22,BBRI.JK,3218.46
2020-12-23,BBRI.JK,3220.68
2020-12-24,BBRI.JK,3173.08
2020-12-25,BBRI.JK,3244.41
2020-12-28,BBRI.JK,3314.37
2020-12-29,BBRI.JK,3318.27
2020-12-30,BBRI.JK,3315.83
2020-12-31,BBRI.JK,3393.27
2021-01-01,BBRI.JK,3495.48
2021-01-04,BBRI.JK,3500.79
2021-01-05,BBRI.JK,3529.23
2021-01-06,BBRI.JK,3515.07
2021-01-07,BBRI.JK,3532.34
2021-01-08,BBRI.JK,3427.54
2021-01-11,BBRI.JK,3338.53
2021-01-12,BBRI.JK,3359.75
2021-01-13,BBRI.JK,3355.36
2021-01-14,BBRI.JK,3374.6
2021-01-15,BBRI.JK,3381.12
2021-01-18,BBRI.JK,3409.02
2021-01-19,BBRI.JK,3423.01
2021-01-20,BBRI.JK,3419.52
2021-01-21,BBRI.JK,3440.39
2021-01-22,BBRI.JK,3416.74
2021-01-25,BBRI.JK,3478.33
2021-01-26,BBRI.JK,3441.58
2021-01-27,BBRI.JK,3429.04
2021-01-28,BBRI.JK,3470.13
2021-01-29,BBRI.JK,3458.91
2021-02-01,BBRI.JK,3502.82
2021-02-02,BBRI.JK,3568.38
2021-02-03,BBRI.JK,3606.39
2021-02-04,BBRI.JK,3591.87
2021-02-05,BBRI.JK,3678.55
2021-02-08,BBRI.JK,3703.52
2021-02-09,BBRI.JK,3665.5
2021-02-10,BBRI.JK,3758.97
2021-02-11,BBRI.JK,3772.33
2021-02-12,BBRI.JK,3805.46
2021-02-15,BBRI.JK,3851.81
2021-02-16,BBRI.JK,3833.35
2021-02-17,BBRI.JK,3880.09
2021-02-18,BBRI.JK,3827.68
2021-02-19,BBRI.JK,3787.95
2021-02-22,BBRI.JK,3775.45
2021-02-23,BBRI.JK,3879.74
2021-02-24,BBRI.JK,3913.33
2021-02-25,BBRI.JK,3973.71
2021-02-26,BBRI.JK,3958.88
2021-03-01,BBRI.JK,3990.19
2021-03-02,BBRI.JK,3894.96
2021-03-03,BBRI.JK,3888.94
2021-03-04,BBRI.JK,3915.25
2021-03-05,BBRI.JK,3894.61
2021-03-08,BBRI.JK,3807.94
2021-03-09,BBRI.JK,3738.96
2021-03-10,BBRI.JK,3773.32
2021-03-11,BBRI.JK,3840.13
2021-03-12,BBRI.JK,3828.7
2021-03-15,BBRI.JK,3907.95
2021-03-16,BBRI.JK,3852.72
2021-03-17,BBRI.JK,3887.17
2021-03-18,BBRI.JK,3906.89
2021-03-19,BBRI.JK,3961.91
2021-03-22,BBRI.JK,3895.96
2021-03-23,BBRI.JK,3948.25
2021-03-24,BBRI.JK,3959.04
2021-03-25,BBRI.JK,3923.26
2021-03-26,BBRI.JK,3906.88
2021-03-29,BBRI.JK,3901.63
2021-03-30,BBRI.JK,3919.81
2021-03-31,BBRI.JK,3884.41
2021-04-01,BBRI.JK,3848.64
2021-04-02,BBRI.JK,3857.13
2021-04-05,BBRI.JK,3859.69
2021-04-06,BBRI.JK,3887.03
2021-04-07,BBRI.JK,3933.49
2021-04-08,BBRI.JK,3849.58
2021-04-09,BBRI.JK,3848.97
2021-04-12,BBRI.JK,3863.31
2021-04-13,BBRI.JK,3868.86
2021-04-14,BBRI.JK,3822.04
2021-04-15,BBRI.JK,3857.85
2021-04-16,BBRI.JK,3940.42
2021-04-19,BBRI.JK,3935.02
2021-04-20,BBRI.JK,3900.18
2021-04-21,BBRI.JK,3939.13
2021-04-22,BBRI.JK,3942.51
2021-04-23,BBRI.JK,3950.51
2021-04-26,BBRI.JK,3963.54
2021-04-27,BBRI.JK,3944.02
2021-04-28,BBRI.JK,3945.54
2021-04-29,BBRI.JK,3913.28
2021-04-30,BBRI.JK,3822.58
2021-05-03,BBRI.JK,3872.43
2021-05-04,BBRI.JK,3887.79
2021-05-05,BBRI.JK,3886.36
2021-05-06,BBRI.JK,3951.36
2021-05-07,BBRI.JK,3945.84
2021-05-10,BBRI.JK,4001.06
2021-05-11,BBRI.JK,4042.73
2021-05-12,BBRI.JK,4030.38
2021-05-13,BBRI.JK,3971.1
2021-05-14,BBRI.JK,3995.62
2021-05-17,BBRI.JK,4008.23
2021-05-18,BBRI.JK,4058.9
2021-05-19,BBRI.JK,3984.74
2021-05-20,BBRI.JK,3980.45
2021-05-21,BBRI.JK,3993.32
2021-05-24,BBRI.JK,4011.54
2021-05-25,BBRI.JK,4018.91
2021-05-26,BBRI.JK,4035.56
2021-05-27,BBRI.JK,3923.88
2021-05-28,BBRI.JK,3910.58
2021-05-31,BBRI.JK,3880.49
2021-06-01,BBRI.JK,3809.52
2021-06-02,BBRI.JK,3816.19
2021-06-03,BBRI.JK,3799.56
2021-06-04,BBRI.JK,3747.76
2021-06-07,BBRI.JK,3685.91
2021-06-08,BBRI.JK,3701.57
2021-06-09,BBRI.JK,3589.27
2021-06-10,BBRI.JK,3586.46
2021-06-11,BBRI.JK,3539.12
2021-06-14,BBRI.JK,3546.09
2021-06-15,BBRI.JK,3629.56
2021-06-16,BBRI.JK,3675.66
2021-06-17,BBRI.JK,3674.33
2021-06-18,BBRI.JK,3742.6
2021-06-21,BBRI.JK,3829.28
2021-06-22,BBRI.JK,3876.79
2021-06-23,BBRI.JK,3965.32
2021-06-24,BBRI.JK,3977.46
2021-06-25,BBRI.JK,4009.93
2021-06-28,BBRI.JK,4007.8
2021-06-29,BBRI.JK,3991.3
2021-06-30,BBRI.JK,3994.49
2021-07-01,BBRI.JK,3958.88
2021-07-02,BBRI.JK,3956.25
2021-07-05,BBRI.JK,4064.23
2021-07-06,BBRI.JK,4101.52
2021-07-07,BBRI.JK,4094.2
2021-07-08,BBRI.JK,4181.92
2021-07-09,BBRI.JK,4257.47
2021-07-12,BBRI.JK,4204.72
2021-07-13,BBRI.JK,4171.5
2021-07-14,BBRI.JK,4261.39
2021-07-15,BBRI.JK,4268.8
2021-07-16,BBRI.JK,4280.73
2021-07-19,BBRI.JK,4255.82
2021-07-20,BBRI.JK,4201.13
2021-07-21,BBRI.JK,4262.09
2021-07-22,BBRI.JK,4222.69
2021-07-23,BBRI.JK,4252.83
2021-07-26,BBRI.JK,4351.15
2021-07-27,BBRI.JK,4382.01
2021-07-28,BBRI.JK,4373.29
2021-07-29,BBRI.JK,4409.34
2021-07-30,BBRI.JK,4441.84
2021-08-02,BBRI.JK,4419.77
2021-08-03,BBRI.JK,4436.56
2021-08-04,BBRI.JK,4373.88
2021-08-05,BBRI.JK,4283.22
2021-08-06,BBRI.JK,4256.96
2021-08-09,BBRI.JK,4168.41
2021-08-10,BBRI.JK,4138.51
2021-08-11,BBRI.JK,4134.35
2021-08-12,BBRI.JK,4145.46
2021-08-13,BBRI.JK,4241.12
2021-08-16,BBRI.JK,4195.29
2021-08-17,BBRI.JK,4173.67
2021-08-18,BBRI.JK,4151.8
2021-08-19,BBRI.JK,4102.37
2021-08-20,BBRI.JK,4204.96
2021-08-23,BBRI.JK,4166.58
2021-08-24,BBRI.JK,4155.86
2021-08-25,BBRI.JK,4148.12
2021-08-26,BBRI.JK,4272.39
2021-08-27,BBRI.JK,4257.5
2021-08-30,BBRI.JK,4218.78
2021-08-31,BBRI.JK,4283.4
2021-09-01,BBRI.JK,4249.91
2021-09-02,BBRI.JK,4141.66
2021-09-03,BBRI.JK,4199.76
2021-09-06,BBRI.JK,4248.42
2021-09-07,BBRI.JK,4175.11
2021-09-08,BBRI.JK,4112.63
2021-09-09,BBRI.JK,4111.38
2021-09-10,BBRI.JK,4063.19
2021-09-13,BBRI.JK,3988.03
2021-09-14,BBRI.JK,3929.87
2021-09-15,BBRI.JK,4015.82
2021-09-16,BBRI.JK,4068.71
2021-09-17,BBRI.JK,4015.48
2021-09-20,BBRI.JK,4007.66
2021-09-21,BBRI.JK,4012.49
2021-09-22,BBRI.JK,3995.38
2021-09-23,BBRI.JK,3993.04
2021-09-24,BBRI.JK,4078.03
2021-09-27,BBRI.JK,4045.43
2021-09-28,BBRI.JK,4006.32
2021-09-29,BBRI.JK,4003.07
2021-09-30,BBRI.JK,3968.9
2021-10-01,BBRI.JK,3946.17
2021-10-04,BBRI.JK,3923.59
2021-10-05,BBRI.JK,3874.33
2021-10-06,BBRI.JK,3930.53
2021-10-07,BBRI.JK,3897.05
2021-10-08,BBRI.JK,3958.91
2021-10-11,BBRI.JK,3916.01
2021-10-12,BBRI.JK,3870.4
2021-10-13,BBRI.JK,3880.65
2021-10-14,BBRI.JK,3866.45
2021-10-15,BBRI.JK,3905.01
2021-10-18,BBRI.JK,3935.77
2021-10-19,BBRI.JK,4046.32
2021-10-20,BBRI.JK,3897.67
2021-10-21,BBRI.JK,3845.91
2021-10-22,BBRI.JK,3842.12
2021-10-25,BBRI.JK,3830.28
2021-10-26,BBRI.JK,3826.0
2021-10-27,BBRI.JK,3946.29
2021-10-28,BBRI.JK,3834.51
2021-10-29,BBRI.JK,3864.9
2021-11-01,BBRI.JK,3852.18
2021-11-02,BBRI.JK,3850.8
2021-11-03,BBRI.JK,3900.57
2021-11-04,BBRI.JK,3895.92
2021-11-05,BBRI.JK,3932.18
2021-11-08,BBRI.JK,3993.24
2021-11-09,BBRI.JK,4050.4
2021-11-10,BBRI.JK,3955.06
2021-11-11,BBRI.JK,3921.3
2021-11-12,BBRI.JK,3856.22
2021-11-15,BBRI.JK,3816.84
2021-11-16,BBRI.JK,3805.72
2021-11-17,BBRI.JK,3901.56
2021-11-18,BBRI.JK,3868.37
2021-11-19,BBRI.JK,3851.86
2021-11-22,BBRI.JK,3841.5
2021-11-23,BBRI.JK,3910.44
2021-11-24,BBRI.JK,3880.99
2021-11-25,BBRI.JK,3900.34
2021-11-26,BBRI.JK,3937.58
2021-11-29,BBRI.JK,3962.96
2021-11-30,BBRI.JK,3860.91
2021-12-01,BBRI.JK,3795.74
2021-12-02,BBRI.JK,3824.64
2021-12-03,BBRI.JK,3737.63
2021-12-06,BBRI.JK,3723.7
2021-12-07,BBRI.JK,3650.65
2021-12-08,BBRI.JK,3664.92
2021-12-09,BBRI.JK,3658.92
2021-12-10,BBRI.JK,3584.5
2021-12-13,BBRI.JK,3569.29
2021-12-14,BBRI.JK,3518.12
2021-12-15,BBRI.JK,3489.63
2021-12-16,BBRI.JK,3539.44
2021-12-17,BBRI.JK,3547.41
2021-12-20,BBRI.JK,3557.85
2021-12-21,BBRI.JK,3620.97
2021-12-22,BBRI.JK,3621.24
2021-12-23,BBRI.JK,3675.41
2021-12-24,BBRI.JK,3688.85
2021-12-27,BBRI.JK,3696.58
2021-12-28,BBRI.JK,3675.45
2021-12-29,BBRI.JK,3633.21
2021-12-30,BBRI.JK,3582.51
2021-12-31,BBRI.JK,3537.02
2022-01-03,BBRI.JK,3555.44
2022-01-04,BBRI.JK,3569.01
2022-01-05,BBRI.JK,3527.86
2022-01-06,BBRI.JK,3576.91
2022-01-07,BBRI.JK,3544.58
2022-01-10,BBRI.JK,3523.31
2022-01-11,BBRI.JK,3459.57
2022-01-12,BBRI.JK,3419.86
2022-01-13,BBRI.JK,3452.49
2022-01-14,BBRI.JK,3467.12
2022-01-17,BBRI.JK,3436.17
2022-01-18,BBRI.JK,3484.28
2022-01-19,BBRI.JK,3477.5
2022-01-20,BBRI.JK,3476.86
2022-01-21,BBRI.JK,3517.93
2022-01-24,BBRI.JK,3533.84
2022-01-25,BBRI.JK,3515.51
2022-01-26,BBRI.JK,3466.08
2022-01-27,BBRI.JK,3516.9
2022-01-28,BBRI.JK,3411.51
2022-01-31,BBRI.JK,3381.77
2022-02-01,BBRI.JK,3305.59
2022-02-02,BBRI.JK,3278.12
2022-02-03,BBRI.JK,3308.46
2022-02-04,BBRI.JK,3291.2
2022-02-07,BBRI.JK,3270.34
2022-02-08,BBRI.JK,3264.68
2022-02-09,BBRI.JK,3339.37
2022-02-10,BBRI.JK,3391.78
2022-02-11,BBRI.JK,3397.5
2022-02-14,BBRI.JK,3367.12
2022-02-15,BBRI.JK,3347.1
2022-02-16,BBRI.JK,3357.43
2022-02-17,BBRI.JK,3344.06
2022-02-18,BBRI.JK,3335.54
2022-02-21,BBRI.JK,3289.55
2022-02-22,BBRI.JK,3231.43
2022-02-23,BBRI.JK,3184.77
2022-02-24,BBRI.JK,3190.72
2022-02-25,BBRI.JK,3151.57
2022-02-28,BBRI.JK,3245.96
2022-03-01,BBRI.JK,3265.07
2022-03-02,BBRI.JK,3288.33
2022-03-03,BBRI.JK,3325.7
2022-03-04,BBRI.JK,3280.84
2022-03-07,BBRI.JK,3231.57
2022-03-08,BBRI.JK,3220.36
2022-03-09,BBRI.JK,3241.65
2022-03-10,BBRI.JK,3261.71
2022-03-11,BBRI.JK,3325.59
2022-03-14,BBRI.JK,3380.96
2022-03-15,BBRI.JK,3423.25
2022-03-16,BBRI.JK,3469.97
2022-03-17,BBRI.JK,3481.15
2022-03-18,BBRI.JK,3517.67
2022-03-21,BBRI.JK,3506.36
2022-03-22,BBRI.JK,3489.4
2022-03-23,BBRI.JK,3530.5
2022-03-24,BBRI.JK,3461.11
2022-03-25,BBRI.JK,3521.67
2022-03-28,BBRI.JK,3603.18
2022-03-29,BBRI.JK,3584.37
2022-03-30,BBRI.JK,3619.83
2022-03-31,BBRI.JK,3630.35
2022-04-01,BBRI.JK,3590.5
2022-04-04,BBRI.JK,3610.1
2022-04-05,BBRI.JK,3637.09
2022-04-06,BBRI.JK,3685.73
2022-04-07,BBRI.JK,3675.11
2022-04-08,BBRI.JK,3685.61
2022-04-11,BBRI.JK,3662.64
2022-04-12,BBRI.JK,3711.7
2022-04-13,BBRI.JK,3711.64
2022-04-14,BBRI.JK,3754.93
2022-04-15,BBRI.JK,3728.71
2022-04-18,BBRI.JK,3738.67
2022-04-19,BBRI.JK,3702.44
2022-04-20,BBRI.JK,3673.59
2022-04-21,BBRI.JK,3727.52
2022-04-22,BBRI.JK,3723.72
2022-04-25,BBRI.JK,3724.36
2022-04-26,BBRI.JK,3761.9
2022-04-27,BBRI.JK,3729.51
2022-04-28,BBRI.JK,3821.79
2022-04-29,BBRI.JK,3790.53
2022-05-02,BBRI.JK,3777.07
2022-05-03,BBRI.JK,3881.31
2022-05-04,BBRI.JK,3805.2
2022-05-05,BBRI.JK,3891.13
2022-05-06,BBRI.JK,3914.11
2022-05-09,BBRI.JK,3943.16
2022-05-10,BBRI.JK,3897.63
2022-05-11,BBRI.JK,3910.28
2022-05-12,BBRI.JK,3854.82
2022-05-13,BBRI.JK,3905.82
2022-05-16,BBRI.JK,3898.45
2022-05-17,BBRI.JK,3871.85
2022-05-18,BBRI.JK,3853.05
2022-05-19,BBRI.JK,3849.73
2022-05-20,BBRI.JK,3899.01
2022-05-23,BBRI.JK,3920.08
2022-05-24,BBRI.JK,3887.45
2022-05-25,BBRI.JK,3849.96
2022-05-26,BBRI.JK,3805.37
2022-05-27,BBRI.JK,3845.26
2022-05-30,BBRI.JK,3870.88
2022-05-31,BBRI.JK,3822.05
2022-06-01,BBRI.JK,3749.94
2022-06-02,BBRI.JK,3750.13
2022-06-03,BBRI.JK,3726.74
2022-06-06,BBRI.JK,3753.09
2022-06-07,BBRI.JK,3750.19
2022-06-08,BBRI.JK,3769.58
2022-06-09,BBRI.JK,3808.76
2022-06-10,BBRI.JK,3859.17
2022-06-13,BBRI.JK,3851.43
2022-06-14,BBRI.JK,3886.93
2022-06-15,BBRI.JK,3862.26
2022-06-16,BBRI.JK,3808.09
2022-06-17,BBRI.JK,3820.44
2022-06-20,BBRI.JK,3877.73
2022-06-21,BBRI.JK,3946.06
2022-06-22,BBRI.JK,3944.87
2022-06-23,BBRI.JK,3864.63
2022-06-24,BBRI.JK,3881.34
2022-06-27,BBRI.JK,3872.9
2022-06-28,BBRI.JK,3903.51
2022-06-29,BBRI.JK,3955.5
2022-06-30,BBRI.JK,3936.07
2022-07-01,BBRI.JK,3903.63
2022-07-04,BBRI.JK,3886.51
2022-07-05,BBRI.JK,3855.71
2022-07-06,BBRI.JK,3810.55
2022-07-07,BBRI.JK,3821.41
2022-07-08,BBRI.JK,3788.48
2022-07-11,BBRI.JK,3776.39
2022-07-12,BBRI.JK,3762.02
2022-07-13,BBRI.JK,3735.03
2022-07-14,BBRI.JK,3762.77
2022-07-15,BBRI.JK,3742.34
2022-07-18,BBRI.JK,3739.01
2022-07-19,BBRI.JK,3775.22
2022-07-20,BBRI.JK,3768.93
2022-07-21,BBRI.JK,3703.27
2022-07-22,BBRI.JK,3682.37
2022-07-25,BBRI.JK,3661.52
2022-07-26,BBRI.JK,3689.28
2022-07-27,BBRI.JK,3762.83
2022-07-28,BBRI.JK,3771.79
2022-07-29,BBRI.JK,3765.71
2022-08-01,BBRI.JK,3831.62
2022-08-02,BBRI.JK,3799.52
2022-08-03,BBRI.JK,3813.02
2022-08-04,BBRI.JK,3834.62
2022-08-05,BBRI.JK,3832.07
2022-08-08,BBRI.JK,3823.29
2022-08-09,BBRI.JK,3831.18
2022-08-10,BBRI.JK,3900.46
2022-08-11,BBRI.JK,3926.84
2022-08-12,BBRI.JK,3898.62
2022-08-15,BBRI.JK,3911.77
2022-08-16,BBRI.JK,3956.53
2022-08-17,BBRI.JK,4040.52
2022-08-18,BBRI.JK,4079.16
2022-08-19,BBRI.JK,4088.32
2022-08-22,BBRI.JK,4155.61
2022-08-23,BBRI.JK,4199.34
2022-08-24,BBRI.JK,4206.31
2022-08-25,BBRI.JK,4172.62
2022-08-26,BBRI.JK,4176.54
2022-08-29,BBRI.JK,4223.56
2022-08-30,BBRI.JK,4169.21
2022-08-31,BBRI.JK,4089.21
2022-09-01,BBRI.JK,4113.81
2022-09-02,BBRI.JK,4037.96
2022-09-05,BBRI.JK,3974.74
2022-09-06,BBRI.JK,3964.37
2022-09-07,BBRI.JK,3952.39
2022-09-08,BBRI.JK,3954.24
2022-09-09,BBRI.JK,3961.15
2022-09-12,BBRI.JK,3985.17
2022-09-13,BBRI.JK,3979.25
2022-09-14,BBRI.JK,3938.82
2022-09-15,BBRI.JK,3804.69
2022-09-16,BBRI.JK,3859.81
2022-09-19,BBRI.JK,3894.64
2022-09-20,BBRI.JK,3922.13
2022-09-21,BBRI.JK,3919.4
2022-09-22,BBRI.JK,3876.44
2022-09-23,BBRI.JK,3896.82
2022-09-26,BBRI.JK,3891.62
2022-09-27,BBRI.JK,3826.55
2022-09-28,BBRI.JK,3871.44
2022-09-29,BBRI.JK,3803.67
2022-09-30,BBRI.JK,3781.96
2022-10-03,BBRI.JK,3859.3
2022-10-04,BBRI.JK,3819.82
2022-10-05,BBRI.JK,3825.73
2022-10-06,BBRI.JK,3871.72
2022-10-07,BBRI.JK,3869.54
2022-10-10,BBRI.JK,3801.98
2022-10-11,BBRI.JK,3777.09
2022-10-12,BBRI.JK,3772.27
2022-10-13,BBRI.JK,3702.08
2022-10-14,BBRI.JK,3762.71
2022-10-17,BBRI.JK,3774.25
2022-10-18,BBRI.JK,3803.42
2022-10-19,BBRI.JK,3812.6
2022-10-20,BBRI.JK,3826.85
2022-10-21,BBRI.JK,3807.38
2022-10-24,BBRI.JK,3737.3
2022-10-25,BBRI.JK,3764.14
2022-10-26,BBRI.JK,3762.5
2022-10-27,BBRI.JK,3829.68
2022-10-28,BBRI.JK,3773.2
2022-10-31,BBRI.JK,3777.17
2022-11-01,BBRI.JK,3871.99
2022-11-02,BBRI.JK,3806.48
2022-11-03,BBRI.JK,3748.96
2022-11-04,BBRI.JK,3755.58
2022-11-07,BBRI.JK,3828.1
2022-11-08,BBRI.JK,3770.02
2022-11-09,BBRI.JK,3769.05
2022-11-10,BBRI.JK,3757.04
2022-11-11,BBRI.JK,3728.18
2022-11-14,BBRI.JK,3713.1
2022-11-15,BBRI.JK,3763.47
2022-11-16,BBRI.JK,3765.69
2022-11-17,BBRI.JK,3702.39
2022-11-18,BBRI.JK,3671.03
2022-11-21,BBRI.JK,3671.14
2022-11-22,BBRI.JK,3605.45
2022-11-23,BBRI.JK,3571.46
2022-11-24,BBRI.JK,3550.02
2022-11-25,BBRI.JK,3456.55
2022-11-28,BBRI.JK,3529.1
2022-11-29,BBRI.JK,3456.62
2022-11-30,BBRI.JK,3454.98
2022-12-01,BBRI.JK,3443.56
2022-12-02,BBRI.JK,3414.41
2022-12-05,BBRI.JK,3459.73
2022-12-06,BBRI.JK,3458.01
2022-12-07,BBRI.JK,3419.13
2022-12-08,BBRI.JK,3462.82
2022-12-09,BBRI.JK,3481.37
2022-12-12,BBRI.JK,3433.82
2022-12-13,BBRI.JK,3366.77
2022-12-14,BBRI.JK,3398.21
2022-12-15,BBRI.JK,3388.37
2022-12-16,BBRI.JK,3324.78
2022-12-19,BBRI.JK,3342.52
2022-12-20,BBRI.JK,3280.76
2022-12-21,BBRI.JK,3249.47
2022-12-22,BBRI.JK,3213.47
2022-12-23,BBRI.JK,3133.15
2022-12-26,BBRI.JK,3155.07
2022-12-27,BBRI.JK,3283.78
2022-12-28,BBRI.JK,3305.06
2022-12-29,BBRI.JK,3317.21
2022-12-30,BBRI.JK,3303.0
2023-01-02,BBRI.JK,3296.36
2023-01-03,BBRI.JK,3303.45
2023-01-04,BBRI.JK,3324.33
2023-01-05,BBRI.JK,3300.49
2023-01-06,BBRI.JK,3298.48
2023-01-09,BBRI.JK,3286.53
2023-01-10,BBRI.JK,3305.21
2023-01-11,BBRI.JK,3339.32
2023-01-12,BBRI.JK,3380.33
2023-01-13,BBRI.JK,3359.36
2023-01-16,BBRI.JK,3337.19
2023-01-17,BBRI.JK,3362.3
2023-01-18,BBRI.JK,3349.44
2023-01-19,BBRI.JK,3338.66
2023-01-20,BBRI.JK,3355.18
2023-01-23,BBRI.JK,3368.63
2023-01-24,BBRI.JK,3420.62
2023-01-25,BBRI.JK,3369.09
2023-01-26,BBRI.JK,3413.14
2023-01-27,BBRI.JK,3392.65
2023-01-30,BBRI.JK,3418.99
2023-01-31,BBRI.JK,3364.68
2023-02-01,BBRI.JK,3358.4
2023-02-02,BBRI.JK,3332.43
2023-02-03,BBRI.JK,3402.48
2023-02-06,BBRI.JK,3362.9
2023-02-07,BBRI.JK,3408.26
2023-02-08,BBRI.JK,3374.55
2023-02-09,BBRI.JK,3328.54
2023-02-10,BBRI.JK,3340.34
2023-02-13,BBRI.JK,3382.33
2023-02-14,BBRI.JK,3379.48
2023-02-15,BBRI.JK,3403.43
2023-02-16,BBRI.JK,3412.78
2023-02-17,BBRI.JK,3410.16
2023-02-20,BBRI.JK,3466.74
2023-02-21,BBRI.JK,3466.8
2023-02-22,BBRI.JK,3503.0
2023-02-23,BBRI.JK,3454.3
2023-02-24,BBRI.JK,3446.53
2023-02-27,BBRI.JK,3485.71
2023-02-28,BBRI.JK,3466.67
2023-03-01,BBRI.JK,3377.68
2023-03-02,BBRI.JK,3408.51
2023-03-03,BBRI.JK,3432.66
2023-03-06,BBRI.JK,3421.31
2023-03-07,BBRI.JK,3426.4
2023-03-08,BBRI.JK,3413.23
2023-03-09,BBRI.JK,3429.75
2023-03-10,BBRI.JK,3475.98
2023-03-13,BBRI.JK,3489.81
2023-03-14,BBRI.JK,3486.96
2023-03-15,BBRI.JK,3467.58
2023-03-16,BBRI.JK,3461.9
2023-03-17,BBRI.JK,3441.95
2023-03-20,BBRI.JK,3483.05
2023-03-21,BBRI.JK,3439.86
2023-03-22,BBRI.JK,3416.85
2023-03-23,BBRI.JK,3432.34
2023-03-24,BBRI.JK,3447.32
2023-03-27,BBRI.JK,3458.97
2023-03-28,BBRI.JK,3442.72
2023-03-29,BBRI.JK,3452.36
2023-03-30,BBRI.JK,3394.47
2023-03-31,BBRI.JK,3333.67
2023-04-03,BBRI.JK,3283.61
2023-04-04,BBRI.JK,3299.97
2023-04-05,BBRI.JK,3355.63
2023-04-06,BBRI.JK,3339.81
2023-04-07,BBRI.JK,3318.98
2023-04-10,BBRI.JK,3308.98
2023-04-11,BBRI.JK,3382.76
2023-04-12,BBRI.JK,3393.45
2023-04-13,BBRI.JK,3399.61
2023-04-14,BBRI.JK,3378.74
2023-04-17,BBRI.JK,3401.17
2023-04-18,BBRI.JK,3456.66
2023-04-19,BBRI.JK,3467.08
2023-04-20,BBRI.JK,3435.99
2023-04-21,BBRI.JK,3492.69
2023-04-24,BBRI.JK,3494.38
2023-04-25,BBRI.JK,3571.71
2023-04-26,BBRI.JK,3529.24
2023-04-27,BBRI.JK,3525.68
2023-04-28,BBRI.JK,3539.64
2023-05-01,BBRI.JK,3467.91
2023-05-02,BBRI.JK,3474.5
2023-05-03,BBRI.JK,3502.66
2023-05-04,BBRI.JK,3499.93
2023-05-05,BBRI.JK,3520.98
2023-05-08,BBRI.JK,3531.03
2023-05-09,BBRI.JK,3497.73
2023-05-10,BBRI.JK,3530.45
2023-05-11,BBRI.JK,3500.98
2023-05-12,BBRI.JK,3490.52
2023-05-15,BBRI.JK,3461.79
2023-05-16,BBRI.JK,3490.44
2023-05-17,BBRI.JK,3472.8
2023-05-18,BBRI.JK,3455.03
2023-05-19,BBRI.JK,3368.26
2023-05-22,BBRI.JK,3358.84
2023-05-23,BBRI.JK,3400.71
2023-05-24,BBRI.JK,3317.48
2023-05-25,BBRI.JK,3333.78
2023-05-26,BBRI.JK,3333.77
2023-05-29,BBRI.JK,3266.04
2023-05-30,BBRI.JK,3251.24
2023-05-31,BBRI.JK,3289.71
2023-06-01,BBRI.JK,3290.85
2023-06-02,BBRI.JK,3306.15
2023-06-05,BBRI.JK,3351.48
2023-06-06,BBRI.JK,3340.07
2023-06-07,BBRI.JK,3376.22
2023-06-08,BBRI.JK,3327.48
2023-06-09,BBRI.JK,3294.74
2023-06-12,BBRI.JK,3353.37
2023-06-13,BBRI.JK,3409.33
2023-06-14,BBRI.JK,3449.21
2023-06-15,BBRI.JK,3389.2
2023-06-16,BBRI.JK,3381.9
2023-06-19,BBRI.JK,3347.91
2023-06-20,BBRI.JK,3426.48
2023-06-21,BBRI.JK,3373.4
2023-06-22,BBRI.JK,3324.14
2023-06-23,BBRI.JK,3302.58
2023-06-26,BBRI.JK,3317.63
2023-06-27,BBRI.JK,3296.8
2023-06-28,BBRI.JK,3287.16
2023-06-29,BBRI.JK,3301.03
2023-06-30,BBRI.JK,3304.5
2023-07-03,BBRI.JK,3232.87
2023-07-04,BBRI.JK,3186.83
2023-07-05,BBRI.JK,3251.22
2023-07-06,BBRI.JK,3255.48
2023-07-07,BBRI.JK,3328.53
2023-07-10,BBRI.JK,3389.0
2023-07-11,BBRI.JK,3436.49
2023-07-12,BBRI.JK,3442.09
2023-07-13,BBRI.JK,3508.08
2023-07-14,BBRI.JK,3492.28
2023-07-17,BBRI.JK,3588.55
2023-07-18,BBRI.JK,3617.34
2023-07-19,BBRI.JK,3646.79
2023-07-20,BBRI.JK,3634.0
2023-07-21,BBRI.JK,3613.64
2023-07-24,BBRI.JK,3607.43
2023-07-25,BBRI.JK,3589.86
2023-07-26,BBRI.JK,3557.49
2023-07-27,BBRI.JK,3516.73
2023-07-28,BBRI.JK,3529.89
2023-07-31,BBRI.JK,3585.07
2023-08-01,BBRI.JK,3674.03
2023-08-02,BBRI.JK,3713.13
2023-08-03,BBRI.JK,3714.33
2023-08-04,BBRI.JK,3747.57
2023-08-07,BBRI.JK,3829.85
2023-08-08,BBRI.JK,3842.53
2023-08-09,BBRI.JK,3895.25
2023-08-10,BBRI.JK,3920.12
2023-08-11,BBRI.JK,3933.39
2023-08-14,BBRI.JK,3914.11
2023-08-15,BBRI.JK,3954.55
2023-08-16,BBRI.JK,3922.92
2023-08-17,BBRI.JK,3883.46
2023-08-18,BBRI.JK,3906.51
2023-08-21,BBRI.JK,3958.95
2023-08-22,BBRI.JK,4009.87
2023-08-23,BBRI.JK,4057.51
2023-08-24,BBRI.JK,4050.31
2023-08-25,BBRI.JK,4051.46
2023-08-28,BBRI.JK,4112.96
2023-08-29,BBRI.JK,4221.32
2023-08-30,BBRI.JK,4094.2
2023-08-31,BBRI.JK,4160.59
2023-09-01,BBRI.JK,4179.07
2023-09-04,BBRI.JK,4183.87
2023-09-05,BBRI.JK,4154.61
2023-09-06,BBRI.JK,4130.64
2023-09-07,BBRI.JK,4078.7
2023-09-08,BBRI.JK,4098.57
2023-09-11,BBRI.JK,4057.99
2023-09-12,BBRI.JK,4055.74
2023-09-13,BBRI.JK,3989.85
2023-09-14,BBRI.JK,4052.71
2023-09-15,BBRI.JK,4091.8
2023-09-18,BBRI.JK,4041.41
2023-09-19,BBRI.JK,4069.64
2023-09-20,BBRI.JK,4056.73
2023-09-21,BBRI.JK,4020.83
2023-09-22,BBRI.JK,4030.15
2023-09-25,BBRI.JK,4076.39
2023-09-26,BBRI.JK,4155.49
2023-09-27,BBRI.JK,4174.8
2023-09-28,BBRI.JK,4238.99
2023-09-29,BBRI.JK,4279.39
2023-10-02,BBRI.JK,4320.03
2023-10-03,BBRI.JK,4376.58
2023-10-04,BBRI.JK,4312.03
2023-10-05,BBRI.JK,4297.75
2023-10-06,BBRI.JK,4380.3
2023-10-09,BBRI.JK,4316.56
2023-10-10,BBRI.JK,4279.23
2023-10-11,BBRI.JK,4381.08
2023-10-12,BBRI.JK,4333.54
2023-10-13,BBRI.JK,4345.53
2023-10-16,BBRI.JK,4364.92
2023-10-17,BBRI.JK,4355.15
2023-10-18,BBRI.JK,4408.76
2023-10-19,BBRI.JK,4459.42
2023-10-20,BBRI.JK,4427.54
2023-10-23,BBRI.JK,4524.69
2023-10-24,BBRI.JK,4485.49
2023-10-25,BBRI.JK,4466.35
2023-10-26,BBRI.JK,4463.23
2023-10-27,BBRI.JK,4478.24
2023-10-30,BBRI.JK,4423.36
2023-10-31,BBRI.JK,4439.89
2023-11-01,BBRI.JK,4326.94
2023-11-02,BBRI.JK,4304.33
2023-11-03,BBRI.JK,4260.72
2023-11-06,BBRI.JK,4227.11
2023-11-07,BBRI.JK,4224.65
2023-11-08,BBRI.JK,4238.17
2023-11-09,BBRI.JK,4201.7
2023-11-10,BBRI.JK,4203.83
2023-11-13,BBRI.JK,4129.31
2023-11-14,BBRI.JK,4111.24
2023-11-15,BBRI.JK,4156.95
2023-11-16,BBRI.JK,4123.07
2023-11-17,BBRI.JK,4107.8
2023-11-20,BBRI.JK,4106.49
2023-11-21,BBRI.JK,4145.57
2023-11-22,BBRI.JK,4163.35
2023-11-23,BBRI.JK,4154.68
2023-11-24,BBRI.JK,4104.92
2023-11-27,BBRI.JK,4115.99
2023-11-28,BBRI.JK,3975.06
2023-11-29,BBRI.JK,3994.09
2023-11-30,BBRI.JK,3957.86
2023-12-01,BBRI.JK,3987.07
2023-12-04,BBRI.JK,3983.16
2023-12-05,BBRI.JK,4045.63
2023-12-06,BBRI.JK,4013.99
2023-12-07,BBRI.JK,3919.02
2023-12-08,BBRI.JK,3919.03
2023-12-11,BBRI.JK,3895.2
2023-12-12,BBRI.JK,3889.55
2023-12-13,BBRI.JK,3942.83
2023-12-14,BBRI.JK,3899.54
2023-12-15,BBRI.JK,3929.28
2023-12-18,BBRI.JK,3969.09
2023-12-19,BBRI.JK,4017.91
2023-12-20,BBRI.JK,3921.93
2023-12-21,BBRI.JK,3927.53
2023-12-22,BBRI.JK,3894.15
2023-12-25,BBRI.JK,3882.14
2023-12-26,BBRI.JK,3843.52
2023-12-27,BBRI.JK,3827.4
2023-12-28,BBRI.JK,3868.56
2023-12-29,BBRI.JK,3945.58
2024-01-01,BBRI.JK,3976.75
2024-01-02,BBRI.JK,3917.82
2024-01-03,BBRI.JK,3974.22
2024-01-04,BBRI.JK,3915.07
2024-01-05,BBRI.JK,3896.48
2024-01-08,BBRI.JK,3947.15
2024-01-09,BBRI.JK,3918.59
2024-01-10,BBRI.JK,3950.53
2024-01-11,BBRI.JK,3936.94
2024-01-12,BBRI.JK,3882.21
2024-01-15,BBRI.JK,3890.79
2024-01-16,BBRI.JK,3865.05
2024-01-17,BBRI.JK,3944.13
2024-01-18,BBRI.JK,4028.52
2024-01-19,BBRI.JK,4101.94
2024-01-22,BBRI.JK,4051.63
2024-01-23,BBRI.JK,4141.28
2024-01-24,BBRI.JK,4155.54
2024-01-25,BBRI.JK,4179.47
2024-01-26,BBRI.JK,4188.24
2024-01-29,BBRI.JK,4160.36
2024-01-30,BBRI.JK,4165.92
2024-01-31,BBRI.JK,4208.48
2024-02-01,BBRI.JK,4284.69
2024-02-02,BBRI.JK,4312.76
2024-02-05,BBRI.JK,4312.8
2024-02-06,BBRI.JK,4287.75
2024-02-07,BBRI.JK,4271.04
2024-02-08,BBRI.JK,4352.3
2024-02-09,BBRI.JK,4386.99
2024-02-12,BBRI.JK,4398.26
2024-02-13,BBRI.JK,4312.07
2024-02-14,BBRI.JK,4221.33
2024-02-15,BBRI.JK,4254.38
2024-02-16,BBRI.JK,4285.41
2024-02-19,BBRI.JK,4341.3
2024-02-20,BBRI.JK,4350.78
2024-02-21,BBRI.JK,4316.36
2024-02-22,BBRI.JK,4228.19
2024-02-23,BBRI.JK,4181.45
2024-02-26,BBRI.JK,4066.0
2024-02-27,BBRI.JK,4079.57
2024-02-28,BBRI.JK,4101.7
2024-02-29,BBRI.JK,4167.83
2024-03-01,BBRI.JK,4076.8
2024-03-04,BBRI.JK,4007.62
2024-03-05,BBRI.JK,4035.95
2024-03-06,BBRI.JK,4050.76
2024-03-07,BBRI.JK,3953.38
2024-03-08,BBRI.JK,3919.12
2024-03-11,BBRI.JK,3922.55
2024-03-12,BBRI.JK,3903.37
2024-03-13,BBRI.JK,3919.55
2024-03-14,BBRI.JK,3919.89
2024-03-15,BBRI.JK,3892.57
2024-03-18,BBRI.JK,3909.0
2024-03-19,BBRI.JK,3904.08
2024-03-20,BBRI.JK,3956.68
2024-03-21,BBRI.JK,3887.23
2024-03-22,BBRI.JK,3875.13
2024-03-25,BBRI.JK,3842.45
2024-03-26,BBRI.JK,3829.89
2024-03-27,BBRI.JK,3846.95
2024-03-28,BBRI.JK,3875.12
2024-03-29,BBRI.JK,3774.95
2024-04-01,BBRI.JK,3825.68
2024-04-02,BBRI.JK,3848.85
2024-04-03,BBRI.JK,3871.48
2024-04-04,BBRI.JK,3873.31
2024-04-05,BBRI.JK,3915.66
2024-04-08,BBRI.JK,3933.5
2024-04-09,BBRI.JK,3847.84
2024-04-10,BBRI.JK,3815.9
2024-04-11,BBRI.JK,3802.95
2024-04-12,BBRI.JK,3785.02
2024-04-15,BBRI.JK,3763.32
2024-04-16,BBRI.JK,3789.23
2024-04-17,BBRI.JK,3737.26
2024-04-18,BBRI.JK,3702.4
2024-04-19,BBRI.JK,3657.09
2024-04-22,BBRI.JK,3654.37
2024-04-23,BBRI.JK,3672.12
2024-04-24,BBRI.JK,3630.97
2024-04-25,BBRI.JK,3646.38
2024-04-26,BBRI.JK,3621.14
2024-04-29,BBRI.JK,3680.59
2024-04-30,BBRI.JK,3580.65
2024-05-01,BBRI.JK,3578.52
2024-05-02,BBRI.JK,3626.08
2024-05-03,BBRI.JK,3608.68
2024-05-06,BBRI.JK,3559.49
2024-05-07,BBRI.JK,3521.09
2024-05-08,BBRI.JK,3543.03
2024-05-09,BBRI.JK,3518.55
2024-05-10,BBRI.JK,3561.8
2024-05-13,BBRI.JK,3562.73
2024-05-14,BBRI.JK,3537.91
2024-05-15,BBRI.JK,3518.26
2024-05-16,BBRI.JK,3537.2
2024-05-17,BBRI.JK,3579.25
2024-05-20,BBRI.JK,3543.79
2024-05-21,BBRI.JK,3492.73
2024-05-22,BBRI.JK,3442.99
2024-05-23,BBRI.JK,3461.8
2024-05-24,BBRI.JK,3536.67
2024-05-27,BBRI.JK,3513.97
2024-05-28,BBRI.JK,3541.79
2024-05-29,BBRI.JK,3524.46
2024-05-30,BBRI.JK,3563.2
2024-05-31,BBRI.JK,3499.49
2024-06-03,BBRI.JK,3524.13
2024-06-04,BBRI.JK,3468.67
2024-06-05,BBRI.JK,3433.09
2024-06-06,BBRI.JK,3446.51
2024-06-07,BBRI.JK,3436.38
2024-06-10,BBRI.JK,3433.31
2024-06-11,BBRI.JK,3454.74
2024-06-12,BBRI.JK,3462.75
2024-06-13,BBRI.JK,3524.48
2024-06-14,BBRI.JK,3556.28
2024-06-17,BBRI.JK,3519.73
2024-06-18,BBRI.JK,3516.6
2024-06-19,BBRI.JK,3493.26
2024-06-20,BBRI.JK,3476.18
2024-06-21,BBRI.JK,3550.48
2024-06-24,BBRI.JK,3517.18
2024-06-25,BBRI.JK,3570.96
2024-06-26,BBRI.JK,3635.55
2024-06-27,BBRI.JK,3754.87
2024-06-28,BBRI.JK,3755.46
2024-07-01,BBRI.JK,3767.36
2024-07-02,BBRI.JK,3781.17
2024-07-03,BBRI.JK,3764.9
2024-07-04,BBRI.JK,3845.5
2024-07-05,BBRI.JK,3936.48
2024-07-08,BBRI.JK,3828.26
2024-07-09,BBRI.JK,3813.9
2024-07-10,BBRI.JK,3868.91
2024-07-11,BBRI.JK,3821.15
2024-07-12,BBRI.JK,3789.52
2024-07-15,BBRI.JK,3791.13
2024-07-16,BBRI.JK,3790.64
2024-07-17,BBRI.JK,3782.34
2024-07-18,BBRI.JK,3776.02
2024-07-19,BBRI.JK,3858.45
2024-07-22,BBRI.JK,3750.62
2024-07-23,BBRI.JK,3727.56
2024-07-24,BBRI.JK,3676.07
2024-07-25,BBRI.JK,3686.46
2024-07-26,BBRI.JK,3666.51
2024-07-29,BBRI.JK,3687.62
2024-07-30,BBRI.JK,3687.87
2024-07-31,BBRI.JK,3790.33
2024-08-01,BBRI.JK,3729.94
2024-08-02,BBRI.JK,3708.0
2024-08-05,BBRI.JK,3747.06
2024-08-06,BBRI.JK,3729.62
2024-08-07,BBRI.JK,3736.24
2024-08-08,BBRI.JK,3666.81
2024-08-09,BBRI.JK,3698.13
2024-08-12,BBRI.JK,3692.13
2024-08-13,BBRI.JK,3716.93
2024-08-14,BBRI.JK,3675.19
2024-08-15,BBRI.JK,3650.25
2024-08-16,BBRI.JK,3611.63
2024-08-19,BBRI.JK,3683.51
2024-08-20,BBRI.JK,3604.56
2024-08-21,BBRI.JK,3622.48
2024-08-22,BBRI.JK,3632.97
2024-08-23,BBRI.JK,3688.05
2024-08-26,BBRI.JK,3699.7
2024-08-27,BBRI.JK,3652.58
2024-08-28,BBRI.JK,3674.32
2024-08-29,BBRI.JK,3596.34
2024-08-30,BBRI.JK,3641.39
2024-09-02,BBRI.JK,3635.56
2024-09-03,BBRI.JK,3601.68
2024-09-04,BBRI.JK,3578.77
2024-09-05,BBRI.JK,3603.05
2024-09-06,BBRI.JK,3528.74
2024-09-09,BBRI.JK,3600.74
2024-09-10,BBRI.JK,3568.68
2024-09-11,BBRI.JK,3633.42
2024-09-12,BBRI.JK,3639.74
2024-09-13,BBRI.JK,3723.44
2024-09-16,BBRI.JK,3667.22
2024-09-17,BBRI.JK,3705.19
2024-09-18,BBRI.JK,3701.25
2024-09-19,BBRI.JK,3671.5
2024-09-20,BBRI.JK,3707.82
2024-09-23,BBRI.JK,3695.93
2024-09-24,BBRI.JK,3661.59
2024-09-25,BBRI.JK,3650.61
2024-09-26,BBRI.JK,3614.7
2024-09-27,BBRI.JK,3603.55
2024-09-30,BBRI.JK,3600.28
2024-10-01,BBRI.JK,3646.29
2024-10-02,BBRI.JK,3640.75
2024-10-03,BBRI.JK,3605.07
2024-10-04,BBRI.JK,3636.86
2024-10-07,BBRI.JK,3619.14
2024-10-08,BBRI.JK,3574.83
2024-10-09,BBRI.JK,3520.68
2024-10-10,BBRI.JK,3594.63
2024-10-11,BBRI.JK,3588.23
2024-10-14,BBRI.JK,3657.15
2024-10-15,BBRI.JK,3611.73
2024-10-16,BBRI.JK,3563.36
2024-10-17,BBRI.JK,3636.3
2024-10-18,BBRI.JK,3623.21
2024-10-21,BBRI.JK,3613.0
2024-10-22,BBRI.JK,3601.23
2024-10-23,BBRI.JK,3554.18
2024-10-24,BBRI.JK,3596.58
2024-10-25,BBRI.JK,3541.56
2024-10-28,BBRI.JK,3572.64
2024-10-29,BBRI.JK,3524.0
2024-10-30,BBRI.JK,3634.66
2024-10-31,BBRI.JK,3664.76
2024-11-01,BBRI.JK,3712.44
2024-11-04,BBRI.JK,3633.72
2024-11-05,BBRI.JK,3647.39
2024-11-06,BBRI.JK,3617.29
2024-11-07,BBRI.JK,3576.96
2024-11-08,BBRI.JK,3538.32
2024-11-11,BBRI.JK,3572.15
2024-11-12,BBRI.JK,3572.04
2024-11-13,BBRI.JK,3548.42
2024-11-14,BBRI.JK,3520.38
2024-11-15,BBRI.JK,3490.87
2024-11-18,BBRI.JK,3466.02
2024-11-19,BBRI.JK,3452.33
2024-11-20,BBRI.JK,3402.11
2024-11-21,BBRI.JK,3362.52
2024-11-22,BBRI.JK,3269.54
2024-11-25,BBRI.JK,3266.33
2024-11-26,BBRI.JK,3287.36
2024-11-27,BBRI.JK,3265.73
2024-11-28,BBRI.JK,3319.1
2024-11-29,BBRI.JK,3286.31
2024-12-02,BBRI.JK,3285.86
2024-12-03,BBRI.JK,3330.47
2024-12-04,BBRI.JK,3338.64
2024-12-05,BBRI.JK,3304.63
2024-12-06,BBRI.JK,3317.38
2024-12-09,BBRI.JK,3299.54
2024-12-10,BBRI.JK,3342.75
2024-12-11,BBRI.JK,3372.38
2024-12-12,BBRI.JK,3361.65
2024-12-13,BBRI.JK,3381.58
2024-12-16,BBRI.JK,3451.43
2024-12-17,BBRI.JK,3497.35
2024-12-18,BBRI.JK,3532.51
2024-12-19,BBRI.JK,3523.13
2024-12-20,BBRI.JK,3496.52
2024-12-23,BBRI.JK,3463.08
2024-12-24,BBRI.JK,3504.96
2024-12-25,BBRI.JK,3457.54
2024-12-26,BBRI.JK,3473.21
2024-12-27,BBRI.JK,3539.34
2024-12-30,BBRI.JK,3469.56
2024-12-31,BBRI.JK,3483.11
2025-01-01,BBRI.JK,3439.72
2025-01-02,BBRI.JK,3433.05
2025-01-03,BBRI.JK,3453.42
2025-01-06,BBRI.JK,3410.66
2025-01-07,BBRI.JK,3354.68
2025-01-08,BBRI.JK,3336.92
2025-01-09,BBRI.JK,3344.18
2025-01-10,BBRI.JK,3326.91
2025-01-13,BBRI.JK,3287.01
2025-01-14,BBRI.JK,3313.09
2025-01-15,BBRI.JK,3266.6
2025-01-16,BBRI.JK,3208.15
2025-01-17,BBRI.JK,3210.96
2025-01-20,BBRI.JK,3293.66
2025-01-21,BBRI.JK,3272.19
2025-01-22,BBRI.JK,3267.4
2025-01-23,BBRI.JK,3225.56
2025-01-24,BBRI.JK,3200.45
2025-01-27,BBRI.JK,3155.25
2025-01-28,BBRI.JK,3164.58
2025-01-29,BBRI.JK,3137.26
2025-01-30,BBRI.JK,3105.94
2025-01-31,BBRI.JK,3139.89
2025-02-03,BBRI.JK,3083.17
2025-02-04,BBRI.JK,3116.74
2025-02-05,BBRI.JK,3108.61
2025-02-06,BBRI.JK,3072.83
2025-02-07,BBRI.JK,3070.64
2025-02-10,BBRI.JK,3059.22
2025-02-11,BBRI.JK,3069.84
2025-02-12,BBRI.JK,3060.63
2025-02-13,BBRI.JK,3129.54
2025-02-14,BBRI.JK,3168.51
2025-02-17,BBRI.JK,3210.54
2025-02-18,BBRI.JK,3162.46
2025-02-19,BBRI.JK,3148.15
2025-02-20,BBRI.JK,3192.61
2025-02-21,BBRI.JK,3214.86
2025-02-24,BBRI.JK,3214.79
2025-02-25,BBRI.JK,3210.65
2025-02-26,BBRI.JK,3250.64
2025-02-27,BBRI.JK,3174.61
2025-02-28,BBRI.JK,3140.54
2025-03-03,BBRI.JK,3087.08
2025-03-04,BBRI.JK,3129.62
2025-03-05,BBRI.JK,3076.52
2025-03-06,BBRI.JK,3065.85
2025-03-07,BBRI.JK,3115.65
2025-03-10,BBRI.JK,3103.71
2025-03-11,BBRI.JK,3114.02
2025-03-12,BBRI.JK,3114.75
2025-03-13,BBRI.JK,3140.11
2025-03-14,BBRI.JK,3223.7
2025-03-17,BBRI.JK,3177.43
2025-03-18,BBRI.JK,3175.1
2025-03-19,BBRI.JK,3238.66
2025-03-20,BBRI.JK,3331.83
2025-03-21,BBRI.JK,3322.8
2025-03-24,BBRI.JK,3378.53
2025-03-25,BBRI.JK,3405.9
2025-03-26,BBRI.JK,3431.85
2025-03-27,BBRI.JK,3372.48
2025-03-28,BBRI.JK,3305.62
2025-03-31,BBRI.JK,3311.03
2025-04-01,BBRI.JK,3305.93
2025-04-02,BBRI.JK,3301.83
2025-04-03,BBRI.JK,3254.32
2025-04-04,BBRI.JK,3311.36
2025-04-07,BBRI.JK,3303.89
2025-04-08,BBRI.JK,3412.82
2025-04-09,BBRI.JK,3403.14
2025-04-10,BBRI.JK,3418.54
2025-04-11,BBRI.JK,3449.93
2025-04-14,BBRI.JK,3435.44
2025-04-15,BBRI.JK,3393.56
2025-04-16,BBRI.JK,3370.32
2025-04-17,BBRI.JK,3371.03
2025-04-18,BBRI.JK,3350.55
2025-04-21,BBRI.JK,3431.75
2025-04-22,BBRI.JK,3410.28
2025-04-23,BBRI.JK,3442.61
2025-04-24,BBRI.JK,3476.89
2025-04-25,BBRI.JK,3485.16
2025-04-28,BBRI.JK,3440.17
2025-04-29,BBRI.JK,3462.0
2025-04-30,BBRI.JK,3502.27
2025-05-01,BBRI.JK,3510.1
2025-05-02,BBRI.JK,3511.65
2025-05-05,BBRI.JK,3419.9
2025-05-06,BBRI.JK,3375.08
2025-05-07,BBRI.JK,3368.03
2025-05-08,BBRI.JK,3376.32
2025-05-09,BBRI.JK,3407.67
2025-05-12,BBRI.JK,3395.62
2025-05-13,BBRI.JK,3403.4
2025-05-14,BBRI.JK,3361.5
2025-05-15,BBRI.JK,3387.67
2025-05-16,BBRI.JK,3417.96
2025-05-19,BBRI.JK,3413.82
2025-05-20,BBRI.JK,3454.51
2025-05-21,BBRI.JK,3442.52
2025-05-22,BBRI.JK,3422.59
2025-05-23,BBRI.JK,3411.0
2025-05-26,BBRI.JK,3494.09
2025-05-27,BBRI.JK,3426.11
2025-05-28,BBRI.JK,3434.89
2025-05-29,BBRI.JK,3420.88
2025-05-30,BBRI.JK,3426.09
2025-06-02,BBRI.JK,3365.42
2025-06-03,BBRI.JK,3396.05
2025-06-04,BBRI.JK,3423.9
2025-06-05,BBRI.JK,3413.66
2025-06-06,BBRI.JK,3396.66
2025-06-09,BBRI.JK,3400.11
2025-06-10,BBRI.JK,3440.35
2025-06-11,BBRI.JK,3377.5
2025-06-12,BBRI.JK,3435.86
2025-06-13,BBRI.JK,3423.84
2025-06-16,BBRI.JK,3459.62
2025-06-17,BBRI.JK,3426.02
2025-06-18,BBRI.JK,3508.64
2025-06-19,BBRI.JK,3521.42
2025-06-20,BBRI.JK,3598.61
2025-06-23,BBRI.JK,3573.63
2025-06-24,BBRI.JK,3547.59
2025-06-25,BBRI.JK,3598.14
2025-06-26,BBRI.JK,3631.15
2025-06-27,BBRI.JK,3648.53
2025-06-30,BBRI.JK,3705.62
2025-07-01,BBRI.JK,3727.28
2025-07-02,BBRI.JK,3714.59
2025-07-03,BBRI.JK,3632.05
2025-07-04,BBRI.JK,3533.93
2025-07-07,BBRI.JK,3564.22
2025-07-08,BBRI.JK,3591.42
2025-07-09,BBRI.JK,3554.86
2025-07-10,BBRI.JK,3580.86
2025-07-11,BBRI.JK,3574.69
2025-07-14,BBRI.JK,3579.16
2025-07-15,BBRI.JK,3623.99
2025-07-16,BBRI.JK,3557.72
2025-07-17,BBRI.JK,3575.94
2025-07-18,BBRI.JK,3601.58
2025-07-21,BBRI.JK,3596.34
2025-07-22,BBRI.JK,3606.6
2025-07-23,BBRI.JK,3559.84
2025-07-24,BBRI.JK,3569.48
2025-07-25,BBRI.JK,3599.9
2025-07-28,BBRI.JK,3636.96
2025-07-29,BBRI.JK,3609.53
2025-07-30,BBRI.JK,3647.89
2025-07-31,BBRI.JK,3664.52
2025-08-01,BBRI.JK,3697.34
2025-08-04,BBRI.JK,3698.82
2025-08-05,BBRI.JK,3730.32
2025-08-06,BBRI.JK,3742.51
2025-08-07,BBRI.JK,3855.85
2025-08-08,BBRI.JK,3844.96
2025-08-11,BBRI.JK,3901.02
2025-08-12,BBRI.JK,3903.16
2025-08-13,BBRI.JK,3835.69
2025-08-14,BBRI.JK,3860.73
2025-08-15,BBRI.JK,3920.93
2025-08-18,BBRI.JK,3959.85
2025-08-19,BBRI.JK,4000.45
2025-08-20,BBRI.JK,3964.19
2025-08-21,BBRI.JK,3981.86
2025-08-22,BBRI.JK,3918.24
2025-08-25,BBRI.JK,4005.61
2025-08-26,BBRI.JK,4083.84
2025-08-27,BBRI.JK,4035.55
2025-08-28,BBRI.JK,4019.48
2025-08-29,BBRI.JK,3962.45
2025-09-01,BBRI.JK,3929.45
2025-09-02,BBRI.JK,3911.29
2025-09-03,BBRI.JK,3858.53
2025-09-04,BBRI.JK,3839.71
2025-09-05,BBRI.JK,3872.18
2025-09-08,BBRI.JK,3861.54
2025-09-09,BBRI.JK,3897.95
2025-09-10,BBRI.JK,3892.73
2025-09-11,BBRI.JK,3900.23
2025-09-12,BBRI.JK,3843.09
2025-09-15,BBRI.JK,3888.98
2025-09-16,BBRI.JK,3837.97
2025-09-17,BBRI.JK,3823.71
2025-09-18,BBRI.JK,3766.64
2025-09-19,BBRI.JK,3792.17
2025-09-22,BBRI.JK,3746.43
2025-09-23,BBRI.JK,3774.85
2025-09-24,BBRI.JK,3865.83
2025-09-25,BBRI.JK,3884.52
2025-09-26,BBRI.JK,3781.08
2025-09-29,BBRI.JK,3829.16
2025-09-30,BBRI.JK,3840.02
2025-10-01,BBRI.JK,3871.4
2025-10-02,BBRI.JK,3893.71
2025-10-03,BBRI.JK,3951.59
2025-10-06,BBRI.JK,4003.48
2025-10-07,BBRI.JK,4003.88
2025-10-08,BBRI.JK,3946.75
2025-10-09,BBRI.JK,3946.0
2025-10-10,BBRI.JK,3986.19
2025-10-13,BBRI.JK,3899.33
2025-10-14,BBRI.JK,3909.84
2025-10-15,BBRI.JK,3827.64
2025-10-16,BBRI.JK,3883.06
2025-10-17,BBRI.JK,3974.04
2025-10-20,BBRI.JK,4020.1
2025-10-21,BBRI.JK,4003.25
2025-10-22,BBRI.JK,4045.48
2025-10-23,BBRI.JK,4115.04
2025-10-24,BBRI.JK,4202.87
2025-10-27,BBRI.JK,4279.65
2025-10-28,BBRI.JK,4340.86
2025-10-29,BBRI.JK,4293.32
2025-10-30,BBRI.JK,4292.47
2025-10-31,BBRI.JK,4321.52
2025-11-03,BBRI.JK,4328.39
2025-11-04,BBRI.JK,4230.03
2025-11-05,BBRI.JK,4225.55
2025-11-06,BBRI.JK,4193.34
2025-11-07,BBRI.JK,4208.16
2025-11-10,BBRI.JK,4229.94
2025-11-11,BBRI.JK,4160.17
2025-11-12,BBRI.JK,4125.87
2025-11-13,BBRI.JK,4137.78
